partner_id,name,screen_name,birthday,gender,country
63aef87a-b141-4bd3-a499-12ecc1f2625b,James Rowe,mackmichael,1992-08-13,Non-binary,China
84cfc30a-f1e7-4ef5-b4f5-e4c002bf29c8,Jerome Russell,jennifermeadows,1994-05-21,Non-binary,Indonesia
c1bc2694-615e-4cf9-98df-7ff96fc7c7cb,Scott White,cainphillip,1987-06-29,Female,Guernsey
44857ed1-662d-4314-8afb-3f0d4a6f5231,James Davenport MD,williamsadriana,1989-08-20,Non-binary,Hong Kong
9c584e43-6179-428a-bc8e-f6c1f677417b,Richard Moran,vaughanstephen,2000-03-30,Female,Rwanda
d0beb4f5-0c2c-4247-8769-4e5e5ae08853,Terri Finley,nelsonmatthew,1984-11-03,Non-binary,Antigua and Barbuda
6ca5debf-7275-434f-89e3-0074ae25c2a5,Elizabeth Sandoval,dakotamorgan,2006-03-19,Male,Bulgaria
b359bacc-424b-473d-ad9f-959ea56bf164,Whitney Taylor,ddawson,1983-01-08,Non-binary,Kuwait
6ad44152-e1ac-4367-a9f3-bdbbf4f7b484,Michael Patterson,sarahhardy,2003-07-02,Male,Sweden
b52df072-de26-4868-b6b0-ab47f5da0f01,Erika Oliver,davisdavid,1983-10-31,Male,Grenada
30f2a677-c764-401b-90b3-eaa5740a4c1a,Renee Hayes,oalvarado,1996-07-29,Non-binary,Austria
7ee18cf8-27be-405d-8562-92db54b58ddc,Brian Taylor,terri71,1996-06-06,Female,Swaziland
c034507b-21f0-47a9-bc98-338480da2163,Dustin Walker,dcabrera,2005-09-14,Female,Aruba
cd462e8e-991a-489d-981e-c926649aa4e6,Deborah May,xrodriguez,2005-04-27,Female,Cambodia
0bc42dfa-006b-4e52-aa2e-0cb8fec24e39,Anthony Hansen,chadbarnett,1978-10-29,Non-binary,Anguilla
54e18965-bee3-49a9-8ea2-c6f7db61d953,Justin Ortiz,qfuentes,1976-12-23,Female,Romania
6d5dee26-338c-4d82-82c0-4e5b82d354c5,Robyn Duarte,jbrock,1985-02-09,Female,Russian Federation
f9de4c58-6c56-43b0-b61c-5877f6184f31,Albert Goodwin,yvette45,1978-05-28,Non-binary,Moldova
ee1b7230-a00d-45e6-b0f3-f7ee31688070,Chase Hernandez,bonniestephens,1994-08-06,Non-binary,Congo
ea66a3a7-c74b-4404-aa55-020bc394da65,Seth Smith,jtorres,2003-11-17,Female,Malaysia
ab18e475-c8a2-4319-9cb0-4391ae73a0ea,Lauren Ferguson,wallacejeffrey,1992-11-16,Non-binary,Morocco
5c5cea2f-342b-4a01-acde-d619551c696b,Kelly Garrett,kathrynprince,1982-11-12,Male,Vietnam
166c7efe-b4d3-44a3-9702-55d58b833cdb,Victor Thompson,diazroy,1983-05-03,Female,Tokelau
02aac53e-e1f6-4b7b-aa9e-a1afc604f6b4,Kristen Brown,dawnmoyer,1974-08-07,Male,Bosnia and Herzegovina
ab7e2a14-49f3-42f1-8a91-c65115a24744,Robert Wilson,james50,1994-04-11,Male,Iceland
acbe026e-f6ba-4940-8fd4-e8c5e5e126f6,Michael Robinson,kimberlywells,1984-04-04,Non-binary,Antigua and Barbuda
27bf95fe-9bfb-4b6a-89cd-9a72c17b5782,Riley Gutierrez,medinarachel,1976-04-25,Non-binary,India
7bf54c15-ad41-496b-900f-b5dfe992cbff,Tara Williams DVM,salinasrichard,1988-03-04,Non-binary,Philippines
7a88542e-48a2-4d98-b32b-f28d58573f54,Amber Klein,jeremy99,1991-04-11,Non-binary,Morocco
81ad2f09-0cc6-4480-92cb-6cac28b3ba27,Joanna Robertson,penasean,1978-12-28,Male,Ghana
b1d6e869-2bb9-4417-99f4-6236636f09df,Patrick Burton,dwagner,2001-04-17,Male,Senegal
aaf06457-5e00-4de8-8d3f-c515970b6d33,Marc Brown,anne62,1986-03-26,Male,New Caledonia
d9f7b402-f009-4dac-8695-80b972462c47,Jessica Howard,lball,1992-02-14,Non-binary,Anguilla
84db11bd-6519-45bd-8f35-0f74493956d4,Jonathan Bolton,ericdalton,1992-08-14,Male,Montserrat
e74a5524-2cc0-402f-9148-ecb41075f2a0,Julian Santana DDS,scotttiffany,1991-01-29,Male,South Africa
1d01a492-7b85-484f-b78d-73aaaa1545e2,Jason Thomas,amanda80,1999-05-01,Male,Western Sahara
a0f88a39-f432-4ccc-874f-8a764f087457,John Ramirez,huntermarquez,2003-09-19,Female,Montserrat
a357e926-b4b2-4df5-a669-d41d8deb7e36,Sally Lawson,alex56,1974-07-23,Female,Greece
5dfda50a-8c4c-40ea-8a1f-c8d1f3e5acc6,Wendy Pena,feliciamendez,1995-05-21,Non-binary,Georgia
0ba29f86-2752-4355-9707-adf4879088e1,Julie Garcia,sbrown,1995-11-11,Male,Congo
2d64d423-7996-493a-9be5-3e1259fde150,Tony Mccoy,rosalesrobert,2000-09-18,Female,Saint Kitts and Nevis
538e1930-2374-4cea-9da8-e3460fb2a289,Brenda Martinez MD,richard95,1989-11-04,Non-binary,Venezuela
0be1455e-1595-4245-88d3-bc20f0767e24,Jeff Gutierrez,shanemccall,2004-02-05,Female,Libyan Arab Jamahiriya
fbce7ef9-bdd5-4028-8c63-fc732d964471,Alicia Brown,nray,1994-02-18,Female,Fiji
9b214f23-079b-4783-a8ef-6bc1c1b56ef7,Jose Haney,hernandezcrystal,2002-07-25,Male,Senegal
77267b1e-7c75-4726-a69e-fd22d0974477,Tyrone Walker,carmencardenas,1974-06-30,Female,Pakistan
0cfc5acf-5d41-45a3-9e41-aca757ef2820,Timothy Williams,garyelliott,1984-06-06,Male,Guadeloupe
98d243ee-b7cc-41a1-860d-65e6713538db,Jonathan Gilbert,rmclaughlin,1975-06-15,Male,Cote d'Ivoire
47d79a3a-5624-44d8-9804-af0e5b4c4e20,Brian Parker,mstanley,2001-01-08,Male,Lao People's Democratic Republic
bb690b15-d026-4f4f-b8d7-13290215dba7,Jason Pugh,sarareynolds,1976-05-31,Non-binary,Nicaragua
0330b9fd-016e-4cdc-a12e-2200d0860833,Steven Miller,htanner,1998-01-08,Non-binary,China
5273ba26-713a-48dd-bc4e-b5cff69fe0f7,Tammy Petty,johngrant,1980-10-21,Female,Switzerland
5589d631-4375-41ae-a018-c1dd2a70d6a9,Thomas Underwood,brittney89,1977-03-19,Female,Maldives
6a8af0f7-af05-444f-80fb-d835f5b5d051,Richard Robles,jerrygutierrez,1987-09-23,Non-binary,Croatia
2d3b46ff-94dd-4c44-8b5d-82c933b91ad6,William Nash,petersonjoe,1987-09-17,Non-binary,Saint Barthelemy
3c26745e-e7ed-496b-bd60-f088f4d5da59,Bobby Singleton,brenda83,1981-04-28,Male,United Arab Emirates
6f1ab5e2-71f7-4d8e-83d9-80cd43c81f8d,Erin Malone,gatesnicholas,1981-11-27,Female,American Samoa
89bb870d-30d8-4d2b-b951-d01673387b40,Anita Anderson,markcastillo,2001-05-17,Male,New Zealand
d2ffe898-d146-4e72-859e-c6d07d4ff114,Jacqueline Robinson,heatherdominguez,1985-05-04,Non-binary,Morocco
dabc8738-d086-4960-9d25-0ad09a423c19,Brett Gonzalez,stacey65,1982-08-06,Male,Korea
c2dc2a47-6850-4789-bd13-c91111ec2f22,Jasmine Frost,simonannette,1978-05-13,Non-binary,British Indian Ocean Territory (Chagos Archipelago)
7a358f24-7c2d-4097-a4ca-5e0ef1fa65d3,Beverly Rice,barronrichard,1998-11-08,Male,Oman
3e3f1fa7-d5b1-49ae-930e-c61b3cfe0c4d,Mark Robinson,berrypatricia,1976-06-21,Male,Slovenia
e57d5a30-4647-48f6-8a58-365d85e06223,Mary Graham,kelly61,1979-03-16,Male,Saint Vincent and the Grenadines
dbf2d824-7585-4ff8-8a38-6c5fd093c52b,Mark Hernandez,gdunn,2004-01-27,Non-binary,Kiribati
bc3d1d75-6c0f-4de6-8d8d-393e8eed80cf,Christine Burns,egarcia,1997-11-26,Female,Papua New Guinea
8d40a5f0-2bef-40b6-9402-aa121cf2a847,Michael Weaver,alexandereric,1979-05-23,Non-binary,Cameroon
1f1ce6dc-3b66-4b1d-a3e8-876f3916980f,Alyssa Williams,qbrown,1984-12-31,Male,Kenya
aa633ef2-b293-4f3e-897a-69385d7fde63,Michelle Duran,joseph90,1999-10-18,Male,Croatia
3d289485-c100-405c-af92-2b68ae7d066d,Charles Coleman,alisondiaz,1998-12-13,Female,Colombia
c5d16c3d-f065-4624-b13c-6f261cb0bcc9,Rachel Riley,lgriffin,1988-08-29,Non-binary,Vanuatu
be4e23bf-3152-4e90-8cfe-6bcb2b2f0fb4,Robin Trujillo,tswanson,2007-05-07,Female,Aruba
4b288a25-ac9c-4810-9824-1f4d6016e7f3,Christopher Huff,lortiz,1985-06-25,Non-binary,United Arab Emirates
e8dc0fac-d064-4424-8721-1f2ee605da60,Debra Ward,dave90,1986-07-01,Non-binary,United States of America
531e6770-4771-4c0c-82eb-cfe458650e96,Gabrielle Allen,qwarren,1983-05-16,Female,Tonga
a51b322d-3e9c-4f20-a472-5d94854b2325,Jennifer Williams,perkinsrobert,2001-06-10,Male,Nepal
b36d71ba-a083-4406-a1b0-2f0717435b81,Jennifer Washington,ajohnson,1983-05-23,Female,Nauru
caa7498d-8697-4ee5-bf26-f7d14f58ef98,Elizabeth Fowler,garygonzalez,1994-08-15,Female,British Virgin Islands
6aadae32-28fb-47bf-9bcb-f8401e8fb3e3,Cynthia Escobar,jake73,1979-12-03,Non-binary,Palau
fd29dca5-264f-4429-9854-f25bfecd2b89,Shawn Gilbert,rubiojulian,1976-08-06,Male,Saint Martin
8d40ee00-c2fe-49ec-941b-e2a031b40f37,Cheryl Colon,jpennington,1993-05-30,Male,Mongolia
b2b7006b-f580-4857-be83-3404e0409aef,Emily Baker,meagan90,1998-06-08,Female,Armenia
9d77cc2b-0358-41b3-ab30-e9c7c10324b1,Adam White,zacharyjohnson,1997-11-28,Female,Timor-Leste
71e47955-de71-4e0f-aba1-0663fed59b76,David Pratt,edwardskatelyn,1982-01-30,Non-binary,Algeria
a2051c93-a86c-4884-af51-c632c07bc2f4,Amy Irwin,wdaniels,1977-10-26,Non-binary,Marshall Islands
3f98d75f-92a8-4b56-9280-c2462d63c7a9,Travis Nunez,mackenziejames,1991-02-01,Male,New Zealand
2ff3364d-fbed-4e51-8abc-cb839cac6521,Jeanne Smith,lauren88,1997-07-06,Non-binary,Palau
8ec8ded5-6240-4d17-8c4d-3be005d194a6,Austin Luna,awong,1980-10-27,Non-binary,Comoros
d9b376d0-6de0-4368-a5bd-182dd6a2d196,Jonathan Lyons,colerobert,1989-03-31,Male,Norfolk Island
292a7785-bd51-44ec-821e-5901567b9d4d,Dr. Travis Ortiz,wilsonbrian,1978-11-05,Female,Mali
b566c16f-b742-4aac-8c66-549b8b95d360,Larry Mcdonald MD,wumary,1984-01-02,Male,Saint Barthelemy
7127e262-66ac-4c31-875c-b039fb72adae,Gina Malone,laurenhays,2000-06-15,Non-binary,Finland
547f9aae-1ffb-4c8b-bb00-62b9d6177ea6,Jack Saunders,daniel42,1984-08-23,Male,Thailand
da56f18a-5f1e-420b-abf0-329864b0d7b9,Kimberly Alvarez,dominiquethomas,1999-07-22,Female,Egypt
1f8c4682-8a5b-47fc-b1b6-238a3528f687,Danielle Price,ginasingleton,2006-01-30,Female,Malaysia
9e304165-a0fd-44e6-9753-294730c1c719,Raymond Everett,vnguyen,1986-12-20,Non-binary,Turks and Caicos Islands
a2500543-37e4-4515-81e2-bb7dc276d6a3,Nicholas Johnson,williamspatrick,1976-03-03,Male,Cameroon
bb82d66e-a87c-4516-8258-29a42d8b732f,Jennifer Robbins,william81,2006-10-10,Female,Bhutan
0b2b4502-02fb-446d-8472-de0fd7071654,Daniel Morris,ryan25,1984-07-19,Non-binary,South Africa
20f1b0fc-a533-44e6-a86a-bf02d2e7d6ff,Joseph Lawrence,jaredwall,1996-05-08,Female,Niue
d6046b57-3337-41d3-85f4-ed54261ff039,Amanda Vasquez,michaeladavis,1984-09-03,Non-binary,Comoros
ceebe12d-49a1-4c7e-a306-dff1db12cba8,Kyle Singh,pamelapetersen,1986-11-25,Female,Indonesia
431eb9c7-ea38-4942-9b36-3c4163257e64,Robert Brown,dvilla,1995-10-19,Female,Slovenia
cab2e43c-f45c-4e9d-89a4-b43e972a3b1a,Tim Harris,carlosheath,1976-10-10,Male,Saint Kitts and Nevis
a2d5f4f7-c18a-4d67-97b1-afd61bb9aab7,Hunter Johns,bensonapril,2001-05-28,Non-binary,Guatemala
92d3cbdf-a15f-4692-93df-d33f8c9e8592,Cody Mccormick,uanderson,1979-11-14,Male,Mayotte
1e0eab41-2f74-4ae9-a1ae-49db3f9b1a7a,Amy Mahoney,georgegregory,1987-12-30,Male,Georgia
67337f1f-1177-476e-a562-23a9eb46c93c,Nancy Mueller,colemankathleen,1999-01-15,Male,Pakistan
954c4638-4ca9-44d0-9414-200091e911e0,Courtney Rubio,jessica67,1978-05-30,Male,Bosnia and Herzegovina
312324d7-40fa-4023-9f36-af22e0316a39,Richard Church,michaelphillips,1982-03-05,Non-binary,Bouvet Island (Bouvetoya)
b6df181f-0915-4a41-971c-199d68b91ad5,Rebecca Beck,jennifer40,1993-02-19,Non-binary,Burundi
b69a7c26-01a1-4f42-8f9d-869603b30065,William Davidson,laura44,1981-03-12,Non-binary,Tonga
62605ab6-56ee-4a71-9731-c96ad42a266e,Lindsay Palmer,osullivan,2000-11-22,Male,Dominican Republic
7744edac-3b17-43c6-99ec-3ba15e97b67a,Tina Greene,shorn,1998-03-13,Male,Cayman Islands
3cf21a41-a683-4e57-aee7-8cf8d80c3ea7,Matthew Lewis,richard97,1998-01-21,Non-binary,Palau
956ce5f7-2c2f-456d-8c69-c7da059b3d61,Audrey Allen,tmccoy,1980-12-17,Female,Botswana
b5b833bb-7b15-4b3c-975a-94d56fdee8d9,David Howard,dpadilla,2006-07-15,Non-binary,Italy
e1a8a2f2-f092-4389-9d14-5c5f7f51c858,Martha Hughes,tmack,1995-02-09,Male,Morocco
3e81ff29-9d3b-40d6-9ddb-4a3a00e08ee2,Stacy Rivera,gonzalezjulie,2002-09-11,Male,United States Virgin Islands
cf6752c7-df03-4fe8-81e0-fecd0db241d4,Douglas Holland,piercesean,1977-08-18,Non-binary,Sierra Leone
8b112416-a2ea-4a85-bbb6-ecd010cae805,Martha Stewart,mfoster,1985-06-25,Female,Guinea
7840a448-f02d-4893-8293-892dfca61c56,Christine Carter,pcole,1976-01-06,Non-binary,Indonesia
09b86bc8-dfe7-49b3-81be-fad93b4f4cc2,Sarah Walker,gillespiegwendolyn,2005-03-17,Non-binary,Paraguay
5e72ba84-f027-4e42-b37f-820b74debf76,Jennifer Brown,bonniemcdonald,1987-02-13,Female,Lao People's Democratic Republic
9fa8e06b-4411-4b38-86ea-7c830c830ad5,Andrea Sharp,nwest,1998-11-05,Non-binary,Isle of Man
92b114c9-7bfa-4869-9670-4dd4d2473f73,James Gonzalez,moonelizabeth,1994-03-23,Female,Bouvet Island (Bouvetoya)
ad8abcf2-f86f-4c71-95ea-418cb271e90b,David Gardner,brownjennifer,1999-05-24,Male,Turkey
6877db86-2171-444a-a70b-abbc59614199,Jose Hanson,jay09,1999-07-07,Female,Marshall Islands
287387d3-4adc-443c-bba9-4e7fd58424f0,Maria Hernandez,vgriffith,1994-09-11,Male,Iceland
9229d1cb-d860-48bb-b566-d37c5d0d0d58,Michael Friedman,ygardner,1980-12-04,Non-binary,Kenya
9b3af504-bc93-4f6c-8903-145d2687407c,Benjamin Freeman,sgiles,1995-06-27,Non-binary,Madagascar
ed3d2444-ee9d-4914-8748-b8386162a075,Deanna Jones,maryhall,1994-02-28,Male,Benin
9bd1cfec-5031-47fc-b81a-94e39c0d7eeb,Holly Francis,munozwilliam,1988-09-12,Male,United States of America
68cfabc5-60e5-4720-9137-f0d9402b9e65,Stephanie Howard,patricia94,1979-09-15,Male,Ethiopia
7809fad3-8cf4-4a3a-b17e-503fd7fb1ff5,Benjamin Jackson,bonniemartin,1993-08-25,Non-binary,Lesotho
8eb0a92c-3875-4f91-80c6-670198178906,Heather Lee,kathleencalderon,1990-08-07,Non-binary,United Arab Emirates
556a5242-da55-44ad-8f6f-be541a67819e,Michael Miller,jennifer04,1984-10-26,Female,Ireland
22f0bbe8-c985-4186-98fd-cae7742dedd5,Ariel Dawson,pricejonathan,1997-12-04,Non-binary,Montserrat
b04a7714-ac66-4420-a496-f46d803964c8,Aaron Wright,lopezrichard,2000-02-18,Non-binary,Tonga
e064e7ae-e58c-4956-8a36-67266d418e12,Dawn Torres,tiffany69,2006-03-12,Non-binary,Vietnam
be6c9c0b-fb59-4006-b748-750e2e2c1b34,Tara Cortez,phillip28,1999-10-18,Female,Kiribati
3f33693e-7c53-4ee1-8536-292a8f20722f,Jason Martin,rodriguezcody,2002-10-06,Male,Cape Verde
5e38e7e7-5115-494f-b108-2f7d467e7a97,Timothy Walker,bkeller,2004-04-07,Male,Yemen
c6ccd2a9-30fe-43bb-8fec-28c8e076b673,Kathleen Zavala,okramer,1974-08-20,Female,Montenegro
bd2b78f1-f105-4307-a900-2295b3feab07,Shelby Bush,robert73,1980-07-04,Male,Tanzania
41a99e6d-d802-49c0-8d41-1caae68d30cb,Kevin Alvarez,colemantravis,2001-09-10,Non-binary,Saint Pierre and Miquelon
accea86c-f2c8-4e36-abcc-cf078d17b1b3,Michelle Griffith,kevin45,1978-10-18,Female,Pitcairn Islands
3d2826eb-a7b5-437d-924a-f980a1a9bb9a,Keith Charles,qfarmer,1986-04-23,Male,Netherlands
f9fecb4d-a4bd-48c5-8845-58efbc7e107b,Melissa Schmidt,xkim,1994-01-15,Female,Guyana
7bfd5f7b-8447-4637-8cbc-7aea1a777f1f,Molly Williams,devin20,1982-09-20,Female,Netherlands Antilles
ad4e969d-adc7-4673-9657-ee6d546ef81c,Andrea Ward,uford,2001-09-07,Female,Ghana
182394c6-a717-4bae-baa9-1faf87b493f8,Nicholas Boyle,cwright,1991-02-15,Male,Taiwan
4a53fb69-83c1-4db5-b8da-d5fecc26a574,Donna Owens,hornkenneth,1999-09-05,Male,French Southern Territories
cb758451-c0a7-4e10-bcb4-c6487e54f301,Anthony Collins,anamartin,2004-10-15,Male,Ghana
4a8e4283-6695-4c4f-a4a0-2a9a1b141461,Jonathan Jenkins,thomasrichard,1996-03-13,Male,Malawi
65e0942a-5d69-4c70-9f87-218c9b29174f,David Johnson,powellamanda,1996-01-12,Non-binary,Niger
c899b2fb-ab6a-4115-852c-9a60d6a03467,Jordan Horne,hilljohn,1979-01-16,Female,Anguilla
7dbb8226-600c-424f-b896-1e82eac7c9ef,Kathy Garcia,michael42,1977-06-17,Non-binary,Tokelau
5c8c7a40-8bb7-4ff0-82f5-ff4de7c846b3,Tiffany Thomas,christine18,1997-03-06,Male,Antarctica (the territory South of 60 deg S)
96d32ee1-09c9-4fcf-b0d1-6bd889690af8,Becky Roberts,vzavala,1998-12-19,Non-binary,Panama
faab44a1-b076-4c3b-b91f-a759d9045cb3,John Benson,john98,1990-07-29,Female,Latvia
361e7ae5-9390-4640-b0b7-280984c6c1ec,Christopher Mullins,robinsonemily,1997-04-22,Male,Burkina Faso
c778930a-f612-4f6c-abdc-92c7afcb1157,Angela Taylor,jeanette68,2003-02-25,Non-binary,Panama
28f584cb-53c0-4685-9c0a-5c008b7bd9f5,Barbara Lane,michaelshields,1977-10-14,Female,Tajikistan
dda1e2f1-a829-4e3b-bf0d-d334d86b931b,Robert Hernandez,sgarza,2006-11-23,Non-binary,Jordan
f46b2970-90aa-420a-bfd8-bef5c9c8bcf6,Brian Summers,robertobrown,1994-07-15,Female,Nepal
42f957cf-3c58-4d32-863f-714a1386a5e0,Elizabeth Perez,sbeck,1987-10-07,Non-binary,Bouvet Island (Bouvetoya)
e228e5ae-c8d7-4ed5-8056-00f67d88a793,Cheryl Roberts,gregory12,1999-01-24,Male,Uruguay
f01bd46c-184d-4f43-a1be-efb20803b50f,Brenda Chavez,seanalvarez,1979-07-19,Female,Romania
ff54684a-bb98-4bb2-a5a0-876420e15768,Stephanie Jackson,mreyes,1991-07-11,Male,Slovenia
5d20f28b-c960-4fe2-9cfd-9e64b8b6ab91,Melinda Norton,larsonsteven,1985-03-07,Non-binary,Djibouti
f1059a7f-f7b9-4194-ac97-232e22a18697,Tyler Peterson,aholloway,1978-05-16,Female,Vanuatu
7e501c73-c6d1-4e62-bf96-598c75bd32e6,Rachel Collins,qburns,1988-01-17,Male,Saint Lucia
4252c9a6-2c88-4243-9955-20cdfb70329d,Eric Simon,creynolds,1976-08-13,Non-binary,Congo
f9a90556-de13-4240-aae6-e55a2b05c144,Adam Hernandez,collinsgabrielle,1975-01-16,Male,South Georgia and the South Sandwich Islands
0c1dd2cd-f37f-413b-856d-4b42d91e2049,Danielle Smith,katelynclarke,1995-06-17,Female,Cuba
fbbb8612-a916-49b9-b8d9-4bcebe665b51,Carrie Tran,hlee,1998-07-27,Male,Libyan Arab Jamahiriya
fb5028d2-f8d3-4de2-ad63-03457b8b3e02,Thomas Banks,bcontreras,1990-08-17,Female,Kazakhstan
5de7b751-0fb3-4f4c-9115-15778c6020f2,Taylor Hunter,cody44,1992-11-01,Male,Mongolia
8f9f932b-429f-42f2-b0b5-39bafd54ddd6,Jasmine Snow,edwardsbilly,2002-01-24,Non-binary,Burundi
c0acad67-5b93-4791-8ab9-5c10d5eab9aa,Jamie Rubio,lneal,2005-12-02,Male,Albania
45ca334e-b085-4ca9-8848-5948a629ffd2,Maurice Guzman,erika11,1978-03-28,Female,Saudi Arabia
d922dd94-36a9-4ea7-aef0-3a1df0457fc6,Madison Sims,william26,1988-12-30,Female,Rwanda
0009b334-f413-4862-b2f6-0e78f6b39a47,Jessica Terrell,ohowe,1995-04-12,Male,Korea
7e8e7a23-8e53-4ef8-852a-17183641489e,Christopher Green,scotterin,1998-03-17,Male,Argentina
fcb444ec-e04a-4bf0-9bdd-ac4b8cfee4a9,Adam Rojas MD,levymonica,1995-12-02,Female,Morocco
938539c4-bde5-4e8f-a493-045dd05b2f3c,Jeffrey Garrett,ramosashley,2000-09-03,Male,Afghanistan
fe414218-58dc-4bfb-8e89-576621b20e08,Kimberly Lee,mollymorris,2004-07-15,Male,Lao People's Democratic Republic
27295e75-d6cb-423f-8a66-eb56cc144581,Patricia Zavala,brandon47,1989-10-21,Non-binary,Thailand
90a7e238-9306-4842-ad1d-a06ba773d114,Denise Smith,vasquezdaniel,1986-02-03,Male,Sudan
a72d17b7-d435-477f-a5f6-f82af659bd21,Jill Morales,colecasey,2002-06-17,Female,Isle of Man
10d50b41-1924-4757-999b-ed2bfefc8b0c,Erica White,hollybradshaw,1984-10-13,Female,Trinidad and Tobago
1cadc2d5-8ea8-4076-95ee-dd59ad5673a9,Lawrence Gross,davidluke,1991-04-03,Male,Italy
f4bdaf16-ae75-4f83-8b07-f2aff7a09f56,John Harris,jamiejuarez,1988-09-27,Non-binary,Sierra Leone
489e8d76-3072-4a55-aa39-186b1a83bd59,Ashley Mcdaniel,ryandominguez,2005-05-09,Female,Tajikistan
4b6c949f-36e3-40e7-ab9d-a099bb3eccc9,Blake White,stanley38,1991-05-27,Male,Hungary
da94858e-d9a9-44dc-88b0-05e2e645dd16,Patrick Rodgers,barrettbenjamin,2006-07-05,Female,Anguilla
eec38489-5b72-471c-97fe-85470dd5bccc,Ashley Davis,jonesmonica,1985-07-08,Female,Djibouti
3317d468-96ff-4e80-b710-37c8074eca2b,Brandon Hernandez,patriciaortega,1993-01-18,Male,Yemen
ead8b650-d4c8-4aba-9571-50e6d590e8ec,Jeffrey Brown,rmiller,1999-02-18,Male,Maldives
c6fcd135-cc6f-40a2-a85f-e787c1fae289,Amber Gibson,kennethmarshall,2003-05-23,Non-binary,Japan
a686661b-c755-4139-b89c-c8d520a29188,James Lamb,kathy14,1992-11-15,Male,American Samoa
f7ce2c2c-e4de-4f1c-b9bc-6e81f75e874f,Steven Mendez,joseph08,2004-10-08,Non-binary,French Southern Territories
b72bdc98-c2c0-4ed0-a700-9cd862eb01fb,Mary Barnes,dakotabrown,2007-01-01,Male,Cameroon
e71896e4-a70e-4476-8a05-b856e6230039,Barbara Williams,edwardsmith,1996-03-13,Male,Norfolk Island
742376ea-7c41-49c2-8e18-4c394df087aa,Shannon Fisher,normamyers,2000-11-14,Female,Turkey
6eef13c8-7c16-403d-8ca4-c01f2a3ac69e,Jennifer Fleming,karencrawford,1993-10-22,Male,Ukraine
e1a0b9f1-99f9-44d6-bcfb-6da67daf75e1,Denise Leon,zstephens,1974-08-24,Male,Yemen
74c58c4a-10e7-44b6-bd89-a08c4e4af5c9,Tina Huang,vgeorge,1994-04-16,Non-binary,Liechtenstein
846a9d5d-b51c-433e-a486-81575af1fc99,Mike Salazar,robertmccall,2006-10-17,Non-binary,Tuvalu
2355e489-4608-4eb1-b905-8764e39e6021,Ricky Hamilton,smithstephen,1994-09-12,Male,Turkey
3d896957-8130-4cbd-a779-67e72b27133c,Janice Willis,jonathan35,1985-12-03,Female,Uzbekistan
4788bc81-00b3-4db7-8605-048d367fdee1,Mark King,gregory37,2003-11-08,Female,Fiji
ce1a4973-472e-401f-a91f-9e1c91c54626,Joseph Blackwell,cbullock,1990-07-24,Female,Western Sahara
7a4d12f1-a8b9-44ef-baa5-0bafc86d3674,Michael Hicks PhD,ortizduane,1997-01-22,Male,Czech Republic
a9638a14-eeca-4877-b601-903a0ab5d20d,Karen Johnson,maryibarra,1987-03-03,Non-binary,Isle of Man
344ba931-8a30-43ec-9a76-17fa26663ee2,Dr. Bryan Nichols,stevenmyers,1991-09-24,Male,Hungary
63f67332-2cca-4a34-945c-a1f5e3c6398d,Darren Adams,sarahbrown,1985-01-27,Male,Cote d'Ivoire
888fec9b-353f-416c-883b-4eef96029889,Wyatt Romero,sgraham,1985-04-07,Male,United States of America
4764f90a-1036-4f4c-b9ff-63bf308c5181,Danielle Brady DVM,burnskatherine,1999-08-02,Male,Lao People's Democratic Republic
7d3c3d27-8b79-4b8d-9957-1046120b9de6,Richard Hodge,michaelperkins,1982-10-19,Female,Denmark
663a3535-fded-4f1c-b909-c8e86d0cfd7c,Angel Larsen DDS,dlevine,2005-10-08,Female,Seychelles
6e2bcf7b-bb5a-4b88-8a6e-e958b6f245f8,Bradley Hall,rlewis,2006-04-12,Non-binary,Philippines
39da2598-7c32-4d97-92d7-0328cd00d6ee,Kimberly Barrett,tiffany78,1992-10-21,Non-binary,North Macedonia
37bab20d-d42f-4ff8-892c-20ba3dfcb850,Joseph Rodriguez,michaelmoyer,1979-11-23,Non-binary,Guinea
b4862e1a-1cf3-4630-bc07-e7697043e3f1,Madison Weaver,cassandra21,1993-10-15,Female,New Zealand
632f5309-cc2b-40e9-9ee7-deb3cda8402b,John Powell,qgarcia,1976-12-29,Non-binary,Vietnam
de8f4517-3b4c-40b3-a0ad-3bd3f1a9763f,Cindy Burns DVM,denise40,1991-05-24,Female,Moldova
dda716a2-6e84-45e3-886a-413d10b57a3b,Angela Boyle,kanebarry,1975-11-10,Male,Sri Lanka
3b0008dc-307d-4e35-9b53-0cf1a7c7aefe,Sonya Wilson,justinandrade,2006-03-30,Female,Yemen
5a0d20bd-8684-45f8-aff1-0a800b9e4420,Amanda Sanders,nicholastaylor,1977-06-06,Male,Cayman Islands
36156bf2-9dcd-4e30-bfe5-6a33c0dd92bd,Kenneth Hensley,debra52,1989-04-17,Male,Guernsey
94d2d1f8-98ff-42a4-ad61-c95c5707f1e1,Kristina Wilson,ofisher,1994-05-09,Non-binary,Panama
61edcc4f-97ad-4469-85b5-f77f826b9515,Jeffrey Harris,jamie23,1987-05-25,Male,Netherlands
a55bc173-f387-4ef0-84c2-e385ff051705,Todd Rose,kflores,2003-01-23,Non-binary,Equatorial Guinea
3682ebb9-0bd5-4236-931e-0ef13a799486,Meghan Bradshaw,brucejoel,1987-05-18,Non-binary,Costa Rica
a9986ce9-4e88-40cf-a8fe-01f8f217e065,Tyler Smith,zwashington,1980-09-29,Non-binary,Netherlands
c26c9197-aef4-465d-a73d-627e74da1420,Megan Hill,amberharris,1978-04-12,Female,South Georgia and the South Sandwich Islands
6aeba5c9-dd2b-47da-a0fb-f171eec88361,Timothy Nixon,williamsdonald,1987-11-04,Male,Marshall Islands
ef01ef4e-d443-4f28-9e5c-b42cfb2928ef,Ricky Ramos,christopherlopez,1981-11-12,Female,Cuba
27f7cefc-9ffe-44ff-a6ea-d3bed812588a,Michael Garcia,coxmatthew,1982-09-04,Female,Mexico
eb9920cf-0d44-475c-8f89-bec7e627ee9d,Gloria Turner,nbarrett,1978-01-29,Male,Gabon
bc0a5f60-460f-48e8-87e9-0376c602dc1a,Logan Marks,oneillmatthew,2002-10-01,Non-binary,British Indian Ocean Territory (Chagos Archipelago)
48fb8bb8-2f44-48a9-82c7-e0f272e0af8e,Sarah Wallace,vazquezmatthew,1978-01-12,Non-binary,Guinea-Bissau
b939f83e-8b14-430a-9fc8-6abac023af39,Adrian Lopez,dudleyscott,1981-11-01,Male,Philippines
20e37fec-95ce-40c2-862e-dc7ad0bdf82a,Cristina Johnson,tgilbert,1981-12-27,Non-binary,Singapore
c59e4f3a-825f-4a31-a143-b2e61fd72146,Timothy Bennett,margaretortiz,1977-02-10,Non-binary,Venezuela
049038ca-ddc3-4ddc-bee2-7266f503ebb1,Anita Farmer,tbowman,2006-07-05,Female,French Guiana
d13b4911-8af5-41ac-9711-ef345dbceaca,Gary Brown,bradleyrebecca,1987-02-09,Male,Mayotte
a76204bf-9eac-4d23-9fcc-193da93ac041,Ryan Dean,pmitchell,1987-07-13,Non-binary,Saint Pierre and Miquelon
9f2d87ed-b196-4db9-bec2-10aeb490edbd,Sarah Moore,dorisgordon,1976-12-19,Non-binary,Guinea
815e3b68-1737-49d8-a14c-abb2cd632142,Kurt Gray,curtisrachel,1975-04-07,Non-binary,Nigeria
58b3d7a8-26dd-4204-8165-fa1c1efe0f30,Michael Rodriguez,brian39,1974-10-24,Male,Nepal
58c6e8ff-5c45-4855-b816-977fc0d6aca2,Veronica Martin,wendy05,1999-12-05,Non-binary,Germany
5a4d77ca-cb53-48a7-b5bb-17c47dbfba55,Marvin Myers,johnjohnson,1999-12-25,Female,Guam
44482248-dc57-421e-a067-3c20c5d00cd3,Mark Green,ghumphrey,1991-02-27,Female,Congo
c679d039-3d0d-4a9f-9ecb-6bf50ab901fd,Lori Rodriguez,cmyers,1992-09-10,Male,Bouvet Island (Bouvetoya)
cd9d3a6d-7832-4a58-972e-dec1ccfa7a1e,Lee Carter,xgrimes,2003-04-13,Female,Sri Lanka
51e7f937-f0fe-4d72-b00c-f19cc7a5445f,Adam Brown,dustinwalker,1974-12-04,Male,Burkina Faso
0d4c307a-0507-4e97-b834-31c441b06e0c,Tammie Navarro,pittmannoah,1987-08-24,Female,Solomon Islands
c1ad514e-da6c-48e8-92e8-b456058a63b6,Jonathan Steele,nbolton,1997-09-06,Female,Pakistan
1a1db40a-770f-4530-b4eb-9ba4c2bdc200,Natalie Simpson,dean67,2001-10-19,Female,New Zealand
d60219f4-5618-4cd4-9cf6-572f9927dbbe,Krystal Williams,henryhart,1975-02-23,Male,Oman
a8e4cd1e-1515-4b66-99b6-a60628c24b61,Rachel Garner,andrewhawkins,1975-03-23,Female,Jersey
2a897917-8967-40c3-aa30-ac80df9ef27b,Taylor Wilson,mollyjohnson,1977-01-20,Male,Guam
e7f1e5bb-5805-4dee-ac91-6bdbc21ce756,Alexa Diaz,jrogers,1975-12-23,Male,Algeria
96acd576-5fa5-4ca4-828a-c4cfff778840,Bryan Jenkins,matthewstevens,2003-03-30,Male,Comoros
3627e5f4-60ce-466a-ba0f-89f580164b51,Matthew Silva,meyerandrew,1993-11-10,Female,Costa Rica
22e0d86e-9bc2-4d63-933e-245acfcf358c,Kenneth Kirby,gregorymoss,1992-12-16,Male,Mexico
04571fb1-8a03-426d-8336-96ab8b3aab43,Diana Campbell,williamgonzales,2005-09-11,Female,Macao
aeea8701-c407-4125-b3c3-f02eeaa64d20,Dr. Becky Flores,igray,2007-01-29,Non-binary,Tonga
1e5bffd0-2f1f-427d-945c-7a8d9408abd2,David Taylor,victor47,1998-02-16,Female,Malaysia
bb58c591-0815-46a5-a053-5a7d26a7f5ef,Tina Olson,tiffanymcdonald,2003-03-03,Non-binary,Christmas Island
5e5a6782-ecd0-4e3f-a328-9199c0005b1f,Kimberly Hobbs,victoriabanks,2007-01-04,Male,Dominican Republic
a12b4607-d02f-4e61-a712-de99f54260b7,Tracy Holt,nicolekennedy,1996-08-12,Non-binary,Barbados
48d99258-04f2-47c9-8925-0b9970bc187d,William Wright,angelpearson,1997-07-24,Male,Luxembourg
04ddf43f-3062-4c04-9dd0-04e689c5686f,Laurie Shaffer,elijahdelgado,1975-09-12,Non-binary,Turkey
07baae59-f8e3-4bc8-b902-dc670fe8c3d8,Shelby Martinez,evanjohnston,1983-11-17,Male,Kuwait
bb6d0b93-4966-48b0-bc0e-26792f61036f,Stacy Moore,contrerasjonathan,1997-10-09,Female,Iceland
ab537c80-f88e-41c9-bc45-2cc35c0ac1fe,Alexander Murray,fjones,1991-01-25,Female,Colombia
1d00b4c0-ff3c-449b-b410-cda1b7dd1d63,Caitlin Garner,richardsonmichael,1979-05-20,Non-binary,Iceland
9ceb3a02-8982-48a0-b7aa-1d66bf1bfb06,Jennifer Miller,patrick51,1983-01-12,Female,Djibouti
be5aaac4-89f0-42c5-b6b0-00dfb02dd085,John Kelly,ybrown,2005-02-11,Non-binary,Dominican Republic
df77b72a-0efd-44ed-9b01-d82fb5d3e218,Donald Thompson,owensbrenda,1994-12-06,Female,Egypt
ae2f3edc-926c-4de7-88f4-b94552516d73,Andrea Crosby,christine02,1998-03-16,Female,Saint Helena
992169bb-4bb8-4485-8ac0-bd71c1a8189b,Brandon Baker,jennifer75,1997-12-14,Non-binary,China
e056924f-0c3e-4320-9d1c-eb28349aad16,Christopher Lin,lanenathaniel,2002-02-21,Female,Saudi Arabia
950e01bf-fd7f-48ba-a975-86cf14245fcb,Kelly Ramos,christopher53,1984-03-16,Female,Faroe Islands
e62f7383-02c8-4f97-9f69-0c793557df29,Lindsay Mcmahon,christopherpatrick,1977-09-04,Male,Kenya
d114527a-c0e0-44a4-a3c4-ff4ef69f4c5b,Samantha Torres,kbradley,1994-09-18,Non-binary,Taiwan
c9b86365-7c96-4b9d-ad42-88d3de58bd98,Michael Mcpherson,belldonna,1977-03-15,Female,Central African Republic
669673a8-49c8-4bb9-a846-eb0467c8fd27,Christopher Lewis,smithtyler,1991-02-14,Male,Saint Martin
135f2bbd-ab98-4e58-9f8b-d82fb6bdfa82,Andrew Escobar,brendaerickson,1993-10-04,Female,Russian Federation
f5277c60-05a2-4272-99b1-746ea7a8a791,Penny Molina,paul06,1979-07-05,Male,Papua New Guinea
f676298f-91c4-45d3-b2d9-e4d318cc49a0,Cody Powell,ccohen,1979-09-04,Male,Liberia
7b50e508-55b6-4345-8917-bc729b860b3a,Nicole Newman,johnsonmichelle,1993-10-14,Male,Guatemala
c12bf2b0-ec7e-4c21-bd10-7f9b43c433f3,Sean Fox,woodmichelle,1981-07-07,Female,British Virgin Islands
f065937a-4efe-43d7-a7bb-2f1327e8f059,Anthony White,hannah84,1975-08-17,Non-binary,Slovakia (Slovak Republic)
2ce33910-069a-4696-beb5-8738846b6cac,Chad Anderson,jeremykrause,1978-12-29,Non-binary,Saint Pierre and Miquelon
e0451492-4ca5-4da8-a685-1a90ece7d443,Christopher Farley,robertomedina,1997-12-10,Non-binary,Grenada
a5c9ad30-6ee5-4143-b07d-91fb4ec7152c,Matthew Russell,briandavenport,1979-08-26,Male,Haiti
6588429a-881c-4077-9288-4f81e6e94ac0,Margaret Harris,terri69,1988-10-23,Male,Sierra Leone
ff2a84d1-81e4-4d3c-93d4-32c6685b11c6,Ashley Goodwin,danielleanderson,1982-06-24,Non-binary,Iraq
6e134546-1f79-47e8-b77c-241769303e20,Nicole Dunn,derrickbanks,1975-11-12,Female,Macao
b15542f5-5bf8-414f-bb1b-165324c6e3e4,Dennis Thomas,andrew90,2000-03-17,Female,Palestinian Territory
ca586ba1-0fc0-4288-b04f-5fb24198798f,Scott Smith,jeffrey05,1981-07-11,Male,Iraq
b757e023-54e4-4821-b302-1eaf60e77b1f,Donna Anderson,teresa91,2002-06-07,Male,Trinidad and Tobago
d487873b-d5ed-4541-b499-a6cd27be6b8e,Jason Gallegos,james43,1981-02-16,Male,Venezuela
59941025-8054-4ce2-b075-5bff22e0891e,Michael Brooks,kara29,1993-02-27,Female,Western Sahara
a18d81b1-c38b-4a51-91d0-cb758d01c79f,Susan Franklin,hpetersen,1996-12-09,Female,Belgium
169afd2c-825b-403d-b5a9-393035f0c06e,Andrew Price,russell79,1991-11-09,Female,Andorra
115be608-f871-448f-9ed3-e5840d08eee9,Timothy Mills,kjuarez,1990-02-13,Non-binary,Korea
ff44a61f-92dd-447a-8b7e-846dc74cdebe,Nicole Stewart,dylan72,1994-09-19,Female,Malta
19cbd71b-877d-4bdb-8379-a20278df3be8,Betty Harris,jacobharris,1974-12-12,Non-binary,Sudan
deb0dd28-bfa2-4e90-8e50-a69923a4abee,Cole Johnson,katherinewilliams,1997-12-25,Male,Georgia
e6cc4873-97fd-4eab-a44f-53e9882a3f7b,Samantha Sandoval,ndavis,1979-12-03,Non-binary,Maldives
58c7dd8b-000a-4aca-9601-7210f81c4fc9,April Tucker,nuneztammie,1977-08-15,Male,Reunion
b7deda5e-fceb-40e1-9ef9-40919db5b2d4,Justin Perkins,cynthia31,2004-12-12,Non-binary,Albania
91c8dd63-b9c1-422f-a043-905f8421d12b,Charles Scott,xgutierrez,1982-01-18,Female,Pakistan
96cb9fa4-db7e-4f5e-95d0-987d0176a925,Anna Reyes,franklinsusan,1983-08-01,Non-binary,Argentina
044cddf2-03e3-44a0-8500-31f2a8a6a094,Jeffrey Warren,craig45,1978-10-10,Male,Panama
e3b0e038-1b41-4eec-bdbb-a4421b93d40d,Tammy Jones,sullivanrandy,1999-03-10,Non-binary,Philippines
811f6ea9-8a13-4819-a4fb-87fcddc611f0,Matthew Adkins,rhondaharris,1984-10-08,Female,Cocos (Keeling) Islands
a09f59ca-89a4-4bff-a6a2-067e86dba0e3,Sara David,patricia78,2005-02-15,Female,Malawi
0c14deb2-dbe5-44f6-9863-b10aaddf0c18,Jennifer Pierce,jennifer61,1991-02-06,Non-binary,Barbados
03ee9f85-9724-4906-970b-5f2f293632cd,Lisa York,amartin,2004-11-05,Non-binary,Luxembourg
02fad095-8af0-4aae-97c0-a0916bf95e5d,Karen Cox,matthew89,2003-03-04,Male,Gabon
87668afc-aaa8-4891-b0b5-d1e4c61aaa48,Kathy Levine,whitelinda,2002-06-17,Non-binary,Saint Barthelemy
e694ddf0-cfdf-46bf-a094-864f457a9895,Scott Brown,michael84,1981-08-15,Male,Congo
89dc9fa0-6dcc-442f-be8f-75c9a05a7892,John Martinez,lawrenceking,1979-05-07,Non-binary,Kazakhstan
1eb0d45a-a77f-419e-845a-18d3478bf67b,Shelby Elliott,butlerchristopher,1992-06-12,Female,Saint Barthelemy
1ec1357a-8829-44e4-9d96-a298bfd7d5de,Adam Davis,edward73,1974-08-08,Male,Cameroon
8c4a9cc6-249d-4e6c-ac0e-f0c0ec4a9489,Gabriella Hall,esparzacarolyn,1989-08-11,Female,Uzbekistan
b8b95c71-2f79-406c-992a-2bc646163b28,Laura Bolton,petermeyer,1988-09-30,Female,Australia
d4067494-0317-431f-a22a-d83a40230c72,Beverly Gutierrez,cindycarter,2000-06-20,Male,Bulgaria
720238c5-febf-4852-8c96-a18fde1f2d57,Yvonne Pham,danielle79,2004-12-24,Female,Zimbabwe
00fea0c0-84a3-4e15-9679-74f339074f2b,Cynthia Reid,richardjackson,1982-11-28,Female,Italy
faf72b48-0209-4db9-9d4f-d68fe2eb8f42,Adrienne Smith,michaelthompson,2005-04-24,Female,Netherlands
2e6e9105-2f20-4912-99a3-d378ed4b6ef2,Frank Frank,travisjones,1980-12-04,Female,Niue
9aeca314-0f67-47e4-92cc-553f48df9229,Charles Alvarado,ryansmith,1996-09-03,Female,Vietnam
728d92f3-79a2-4e9e-9147-76b53bb04e5d,Anthony Lara,valeriewhite,1986-02-22,Male,Iraq
a1ec4b06-4c6b-4db8-a262-6103b26b9ba2,Kelly Doyle,alyssa42,1975-03-18,Non-binary,Tajikistan
2261bfdb-2c1e-40d3-a5b2-a8e176e379db,Gregory Underwood,dukedouglas,1977-02-19,Non-binary,Saint Barthelemy
f019606e-9703-47ea-8972-c643316afb56,Stacey Gonzalez,gregorybrian,2001-09-10,Female,Korea
40f60fb5-9c71-4022-9b26-163f9a7004e6,Robert Miller,jdavis,1994-05-13,Non-binary,Somalia
661aae0f-1b8f-4c87-97c8-403935583893,Joshua Graham,drew09,1989-10-02,Male,Cambodia
b5e22d03-ca02-43e6-9ff2-d7042078b44d,Emily Jordan,petervelasquez,1977-03-26,Non-binary,Cote d'Ivoire
c02da357-042b-478c-a18b-3ea5ffcfc863,Daniel Brown,tyler45,1987-11-04,Female,Gabon
2b564708-97d4-4ce2-b5e4-c5425f626450,John Smith,evelyngibson,1986-05-05,Female,Angola
ed5c2aa5-1655-45ec-b936-d0355a6a7af2,Beth Anderson,bradleywilliam,2005-11-12,Non-binary,Northern Mariana Islands
4e4264db-b1f6-4aa1-b8ff-29b25d780c6e,Barbara Brown,christina19,1980-08-10,Non-binary,Botswana
0fbf9ec5-9ed0-4329-bd31-ebd05ff7ae29,Carolyn Petersen MD,hollyaustin,1987-07-06,Female,Cameroon
d70c268e-7237-4baf-8ad1-8ae8f0d0e211,Victoria Johns,kelly31,1983-02-06,Male,Morocco
62c4c220-9573-4084-9645-07142d9b2979,Timothy Lee,kevin97,1974-08-16,Non-binary,Niue
c4e705fe-10ef-4a74-8a68-133fccc927c5,Ryan Curtis DDS,steelewilliam,2002-06-19,Female,Dominican Republic
5fd7371a-a22c-4316-a452-fa2a32eb2641,Rachael Mitchell,dawn14,2004-07-29,Male,Germany
752ed522-4512-4988-81bf-9682e2ce49f8,Deborah Mcdonald,jennifer80,1992-09-21,Male,Congo
3d6339ab-250f-4a90-b51b-a108f84be21e,Javier Smith,bonniejones,1993-04-27,Female,Suriname
07403698-0774-48df-bb45-96918472e623,Danielle Aguirre,jennifer93,1998-05-02,Non-binary,Argentina
8cfd84e6-c06b-4589-be69-642b94364d71,Kathleen James,alice61,1982-07-22,Non-binary,Uganda
0240e832-17bd-4d2d-b9a3-baba0ce89c35,Mark Rios,marylopez,1983-09-17,Male,Philippines
b1190117-654a-45a1-b973-67dd10af58ca,Erin Caldwell,anthony80,1985-04-03,Female,Kenya
6c023a33-93b2-4f4a-a3e8-c8c1e0e66877,David Davis,dennisking,1979-03-17,Male,Guam
cf5a1651-5f9d-4c18-9e8c-2bbf6072880c,Miss Sarah Davis DVM,reyesjenny,1993-02-27,Male,Brazil
cd7f589d-905b-463e-9777-480fed4c168b,Andrew Bailey,christopher70,1982-03-24,Non-binary,Norway
f014598e-62c2-429e-9e62-fef0f86c8f37,Priscilla Hendricks,jonathangolden,1976-03-02,Non-binary,Niger
d786030a-407c-4f89-802b-c2da1f774db0,Donna Davis,lorraine34,1976-03-26,Male,Sierra Leone
0eb7c3a6-9cf5-41c2-a1e3-1405eb4dc7a5,Heather Smith,pstanley,1983-11-03,Female,French Guiana
b51235a7-8909-4f6d-b42a-afda1e344a85,Catherine Flynn,codyrichardson,1995-07-02,Female,Cuba
0823a4d2-9ab3-4d10-8a2c-c7a8e77c3ad2,Michael Dudley,emily86,1986-12-25,Female,British Virgin Islands
9c0c8ad4-c749-4e8b-8aea-0192bca1200b,James Thomas,john54,1988-08-04,Female,Saint Kitts and Nevis
8b2853d4-2e92-4ece-ba66-3d56d1ae4361,Tyler Barnett,debbiepeters,1999-01-23,Female,Guyana
6b5c3e45-7705-4d7c-918a-073c03649d82,Tammy Gregory,katie48,1992-02-14,Male,Netherlands Antilles
05f804b6-47f7-4f97-85f1-034eac67e6b2,Benjamin Nunez,audreytran,1987-03-03,Male,Comoros
b43e1d37-bd36-4cc9-8586-5d8fa2d0f28a,Betty Johnson,patrick09,1976-05-03,Female,Cook Islands
5f39c5ca-9b4a-4d2e-a1ab-5fe3aecda10b,Shelly Patterson,jessica48,2002-10-03,Non-binary,Iran
1ba5f782-7c96-4971-b44f-838bd47f0f92,Jennifer Newman,watsontina,2007-01-11,Non-binary,Senegal
a7cb70f9-1781-43b6-9ffc-a097cd1def91,Angel Ball,samueldoyle,1995-09-15,Female,Netherlands Antilles
257fadbf-eedc-45c0-94bb-6ee85d47f0fe,Linda White,sarah58,1998-09-16,Male,Micronesia
c68c971c-47d8-451d-960a-f21d33c5faec,Kristopher Stone,pachecocraig,1985-04-01,Male,Paraguay
2f3802f8-e1c1-4377-9c29-bc85e8a2f38a,Matthew King,dominguezryan,1975-09-16,Male,Lao People's Democratic Republic
6cd0fd5c-9448-4966-a2ce-3fe2c41f12c5,Courtney Evans,butlerheather,1994-05-08,Male,Malawi
b1a7f2e0-924c-4756-a882-a28555427932,Sarah Decker,donnataylor,1996-06-16,Male,Antarctica (the territory South of 60 deg S)
8458fea3-c55b-4ef4-934f-73ece631841a,Jason Hayes,scott15,1987-06-08,Female,El Salvador
1f1a87cc-6d9a-4460-8ee0-4acb2754da91,Daniel Hall,jenniferlawson,1994-01-26,Non-binary,Grenada
b39e0b3d-03fa-4abc-96e9-18487020e034,Leroy Welch,leslie06,2006-10-30,Male,Armenia
ca4a9b35-e263-4602-9a98-8a0a868ba94b,Loretta Morris,samanthajohns,1996-09-03,Non-binary,Falkland Islands (Malvinas)
300ceb43-e7ec-401e-986e-6e583e79f55c,William Matthews,rogersjeffery,1986-10-21,Male,Belarus
fe761032-cf75-4442-8dda-f55631cfa623,Rachel Powell,danielmcdonald,1992-02-29,Female,France
964ccfc1-6fde-4002-8ac6-3f2c94106498,Richard Harris,jenniferhunter,1986-02-12,Non-binary,Montenegro
15089521-6d0a-47fe-b798-be61390d13f4,Dr. Teresa Gonzalez,hsingleton,1991-03-31,Non-binary,Grenada
5948dfb0-a7e6-4012-9c9c-30912a8c97c5,Anthony Brady,dorisrobertson,1986-08-21,Non-binary,Lesotho
71daca84-69f4-47d2-bd9d-e1f0c1d4ceb9,Kelly Tucker,hammondkimberly,1997-01-08,Male,Azerbaijan
e0ccbe69-39b4-475d-9200-9e788636b769,Raymond Martin,jenniferdunn,1999-04-14,Female,Bahrain
0a8bfbe8-c2ac-40b9-adc3-0b5de6351e79,Charles Robinson,austinmoreno,1989-02-09,Male,Cameroon
f461fd57-538f-469f-b572-bcf1c2469e24,Derek Jackson,patrick30,1995-12-17,Non-binary,Nicaragua
c3c49b04-96df-49f2-94d5-6a0f62318900,Thomas Vazquez,ritterangela,1990-11-26,Non-binary,Niger
28f36b6d-fca1-49d3-848f-854a4004827b,Denise Vasquez,emilydickerson,1980-08-07,Male,Comoros
51bf76a5-3949-413c-bec1-0065056bb0bf,Angela Acevedo,jonathannewton,1985-01-29,Non-binary,Italy
a7a0f266-d9ef-42c3-bd2f-db02dbf23a04,Christopher Williams,daniellele,1982-07-30,Male,India
9b54b4d1-091a-4644-8082-57e3abc9fc4a,Kimberly James,davidzhang,2002-11-22,Female,Trinidad and Tobago
e0c6d9d2-2e83-4ad5-b01b-46c651d25c69,Terri Bryant,christopher43,1994-09-11,Male,Eritrea
0de1117a-5f94-4b4c-8573-1a4d499e8e6d,Justin Hunter,williamschristopher,1998-07-09,Male,Mauritania
6984b810-9203-4353-9db6-6ca715b80549,Jessica Fernandez,zmiller,2000-05-07,Non-binary,Marshall Islands
88cd2971-b392-49b2-81d7-369f91b4d838,Eric Sweeney,mmckee,2003-12-29,Non-binary,Sri Lanka
b7ee81df-f374-4d7a-9246-99933f914f90,Joseph Barber,vjones,1978-12-22,Female,Syrian Arab Republic
0bb68a8b-42b6-44f0-965d-e913861a9757,Charles Haney,imorrow,1997-05-29,Female,Central African Republic
7d714670-91a3-4b30-b133-add9873c2d52,Kristin Robinson,rachel31,1980-03-20,Female,Czech Republic
661131be-84ec-4d8b-9b09-ba65fa20add9,John Callahan,brendaproctor,1989-02-25,Female,Luxembourg
1e4c3ffa-9a44-44f1-9168-8030c4af4346,Jennifer Miller,murrayrobert,1993-07-04,Non-binary,Bosnia and Herzegovina
fb79cd2b-9275-492c-be6d-1007df832f78,Dave Rogers,ahenderson,1995-09-25,Male,Saint Barthelemy
49287b6d-c86d-49ee-b6c4-7f14cf845ea9,Hayley Howe,morganjessica,1990-12-18,Male,Isle of Man
50fd3a84-b676-42d9-ab16-0bdb472bfcb1,Jonathon Castro,bjenkins,1974-08-13,Non-binary,Zimbabwe
d7c931c6-72b5-49a8-87ba-9eb27646e32b,Heather Patterson,robinsondoris,2005-02-21,Non-binary,Slovenia
9a30c2c2-d550-4a30-b80d-9d6cb3449cbb,Heather Rodriguez,crystal43,1979-07-19,Non-binary,Barbados
6c41381e-d649-46b6-b49e-f88f90a243a9,Natalie Bush,valeriegonzales,1999-10-30,Non-binary,Costa Rica
3edf8b96-942c-4e16-8b8e-08b973aefc8c,Karl Raymond,contreraslevi,2004-05-26,Male,Guyana
1a0b5a07-cc26-4ffc-8d16-3b334aaa7c78,Briana Watson,melody77,1980-06-30,Female,Moldova
38ee95bf-a3f8-46fa-adec-32d7ee8d755e,Melissa Stewart,parkerjennifer,2001-01-02,Female,Latvia
5a5de100-cbe3-444d-af4f-3666d3aaa414,Mary Smith,lindaadams,1999-04-28,Female,Gambia
5fe73681-8584-4686-931e-477c8ffff933,Dennis Bennett,millerbrendan,1982-12-24,Female,Cook Islands
87570f40-fe89-4d50-ad7d-e38281552407,Daniel Black,pbell,1979-10-11,Non-binary,San Marino
b123a9b9-3fde-454d-8699-55cce47b8c81,Anthony Cooke,larryrichard,1989-10-04,Non-binary,Jersey
64d21207-b15e-4361-ae19-405ab261ae24,Rachel Martinez,vbaker,1993-06-01,Male,Cocos (Keeling) Islands
eaca7d1c-acb2-411e-adef-d58f20fe00d8,Allison Alexander,craigrivera,1981-11-06,Female,Liechtenstein
013275b0-07dc-442d-a9d8-7a39b82593d1,Sean Mitchell,jessicataylor,1983-11-21,Male,Timor-Leste
d2b80277-f675-436e-9bf3-3f1220c6ca3c,Wayne Barker,kyle02,2002-02-20,Male,Bouvet Island (Bouvetoya)
e73d2e01-75b1-4b26-8038-e24976f8c9e9,Laurie Hall,harriscarrie,2002-10-30,Male,Venezuela
40090b97-1c6d-4799-b7b5-8de8d95e749d,John Harris,kalvarez,2006-04-13,Male,Guyana
9cd0218d-2b61-46e1-8f62-29e6f619f2eb,Thomas Curtis,nlee,1988-05-13,Female,Iran
7aa46cce-c950-4ff6-9fd0-cc2c0378c26b,Jeremy Martin,millerandrew,1977-02-18,Male,Greece
c2a964d7-bded-4f3c-affa-58c3d035a214,Aaron Thompson,brian82,2005-05-17,Female,Guinea
a9ffa35e-c901-46db-8c7b-b2819d1c4e43,Brian Robinson,martinamanda,1996-02-18,Male,Guatemala
3e5a701d-b46c-40bd-9a80-d5d93e4a1c8b,Amber Thompson,williamhenry,2001-01-05,Male,Niger
7491a1e1-eeb6-477d-8945-caba9567b39e,Amanda Curry,smithrick,1982-12-20,Male,United Arab Emirates
11929e92-c74d-4a4a-9108-5a64cb26e452,Christine Gray,usampson,1986-05-30,Male,Panama
28654d4f-efbc-4642-90f4-b7425124c03a,Valerie Rivera,sandra87,1983-04-25,Female,Tanzania
f33e9756-beca-4c62-8802-b388e41d416a,Albert Roberts,phillipsamy,2002-01-04,Female,Suriname
21cc51f2-f2df-44e2-a466-a6f8126d657e,Aaron Frazier,rachel59,1978-06-08,Male,British Virgin Islands
de0e89bd-615d-4d60-b4fa-4271f008a116,Taylor Woodard,ybenton,1980-10-31,Non-binary,Ghana
5c0bfb38-2230-42dd-9dbf-4c9980798fee,Monica Morris,jamesmoore,1995-04-06,Female,Haiti
199ca752-c8c2-4a61-aae5-66d39e835f09,Megan Pena,danielwilliams,2004-06-04,Female,Ethiopia
961943d9-c755-4227-aa3b-35473719fbb6,John Garcia,paigedunn,1997-06-07,Male,South Georgia and the South Sandwich Islands
a95ece09-7991-47e3-a6cc-519a1ad2f5f3,Joan Russo,christina20,1987-07-10,Non-binary,Nigeria
e5a05603-52c9-4ab1-a179-c9fc755b9f4e,Tara Brown,tomcarlson,2001-08-30,Non-binary,Niger
229c7ae7-5921-4fcf-bed7-964cca8acb1e,Lindsey Torres,jill35,1998-09-05,Non-binary,Indonesia
0d7d18db-5ac6-4efc-8247-ff0d31afb6f5,Barbara Thompson,karenwest,1981-06-30,Non-binary,Falkland Islands (Malvinas)
995a5d2e-4119-4c6a-b5db-592afeb94101,Dustin Brooks,wilsonchristopher,1987-08-21,Non-binary,Indonesia
ffe4c45e-49ff-4b9a-894d-617be92b66b2,Jacob Davis,joshua24,1981-07-23,Non-binary,Congo
8ecc9ff5-4ef4-442b-bcc7-aa581469b49c,James Adams,ojensen,1994-11-07,Non-binary,Gambia
5c20fdd4-52c8-4da8-bc02-0e8c891cec54,Rebecca Brown,alexanderyoung,1998-03-10,Male,French Guiana
266e7742-b3d7-4abc-94a7-771f2c7698fc,Victor Maxwell,awilkins,2001-07-01,Male,Saudi Arabia
6a5aec69-f9b7-4030-bf64-01a30f8510f4,Jennifer Mahoney,derrick53,1986-12-26,Female,Nepal
5f2975f3-a038-4be9-94d9-9109beafac70,Kelly Wilson,coleaaron,1987-04-01,Non-binary,Malta
d23c7cf0-d286-493a-b1af-d2db318c0b25,Jessica Richmond,meganross,1985-09-02,Non-binary,Bolivia
bcdc5062-8739-47f6-9bc2-bcd956827323,Logan Rubio,michelleortega,1985-11-21,Non-binary,Timor-Leste
b35c39d1-326b-42c8-b653-7c7e8eb8b967,Jeffery Larsen,gabrielle65,1985-11-28,Male,Jamaica
d3bed379-9f7a-4efa-befd-8bf44925bf14,Linda Weber,vrussell,1981-01-18,Female,Hungary
ee3e76bf-853a-4218-8640-29b0863779cb,Joshua Marquez,annasmith,2000-12-21,Female,Niger
a6dd9879-5ae3-4a60-b67d-0ffb63a887e0,Terry Williams,ygreen,1993-07-26,Non-binary,Kiribati
2c18c4c7-b0e6-4070-970e-745bcd882dc9,Daniel Price,pwalker,1997-01-14,Male,Kyrgyz Republic
4385f6d7-d973-477c-82c3-54288369910b,Matthew Lopez,whitemelanie,2004-01-02,Male,Saint Martin
0195e056-cbdc-4db9-8f45-77e7868a2a69,Laura Black,myersteresa,2004-12-03,Non-binary,Vietnam
e41dbd58-a75b-477b-869c-f93da89aeb64,Thomas Moore,andreahughes,2002-04-11,Male,Croatia
95e90d65-03e0-4221-864b-ccf52ec5a3ea,Suzanne Wagner,danielle98,1998-05-26,Non-binary,Falkland Islands (Malvinas)
18979285-b2df-4c47-b4a8-3f3f47d0de37,Jamie Anderson,karen31,1986-01-15,Male,Sierra Leone
3ec06faf-c4d5-4f95-9300-dad11dec5ff0,Laura Gray,robinsonbrian,1976-05-25,Male,Hungary
10d93c5c-14b8-4f68-997b-54e05cf6f5b0,Christopher Leach,leechristopher,1981-12-18,Non-binary,Cyprus
5d5ce375-d539-4bc8-9689-4aa32a3beaf1,Christopher Hall,morrisonlisa,1976-05-19,Non-binary,Papua New Guinea
6f1b0391-811b-454d-b468-d4183042daf1,Patrick Glenn,marilyn43,1998-06-10,Male,Austria
ddbc0954-0170-4be7-a57d-f7e5f1a00391,Johnny Stevens,brandtgabriel,1991-06-18,Male,Iceland
755addd8-b52f-4356-b707-4ee5e9958513,Kristina Stewart,wjackson,1981-11-22,Non-binary,Hong Kong
00bf9f08-aa45-4915-aa1d-a59960147440,Phillip Buckley,qbanks,2004-04-26,Male,Australia
62868384-8b76-4218-87c1-c1a4eaa14bd4,Dorothy Jordan,michaelallen,1978-08-10,Male,Portugal
712781f9-b700-40c4-a4ae-5cb1cdba258e,Rebecca Ramirez,teresa10,1998-09-18,Female,Cook Islands
512ce292-2f2e-4648-925a-69957a805fb1,Timothy Avila DDS,mgomez,1997-02-15,Non-binary,Sao Tome and Principe
0b6445c0-963d-48bd-b436-6bccb5757986,Maureen Kelly,robert81,2003-07-30,Non-binary,Saint Martin
ce8508c3-716a-46bd-aae7-39bf17803020,Stephanie Perry,gregory24,1979-12-25,Male,Botswana
09a62e24-a598-4c55-8490-ea8247d72878,Doris Brown,pyang,2006-09-14,Non-binary,Micronesia
162544b9-41cf-4ef0-a636-9439b1988b48,Kimberly Silva,phillipsgarrett,1996-05-12,Non-binary,Kenya
466b8c60-6f73-4b99-a52a-1d48dcccdfe0,Stephanie Lopez,hbarber,1990-07-14,Male,Norfolk Island
5edefa17-d6e3-4349-82ef-5ec3aae62b6d,Brittany Blevins,shiggins,1983-08-02,Female,Palestinian Territory
8fc885bc-66a1-4b18-9598-823c3a22b7a7,Michelle Cook,herrerarussell,1995-09-28,Non-binary,Libyan Arab Jamahiriya
e74f8c37-cabf-43ce-b3e5-1eec13fe8d2c,Stephanie Henderson,vmiller,1997-06-29,Female,Gambia
07b73dd3-9c20-4083-a203-5fdb236fbb7b,Carrie Escobar,adamslinda,1975-03-10,Non-binary,Tokelau
1086a446-0e8f-4e15-94fa-3c97cf4db475,John Nunez,robinsonjessica,1987-08-01,Female,Vietnam
cf606bcd-c284-49e4-be35-d4499b2cd495,Ellen Little,matthewford,1997-06-07,Male,Italy
54bb46e1-ab43-4054-9b6c-6f54dfb28488,Samantha Williamson,tristan46,1990-08-17,Female,Taiwan
0617fb67-8601-4b6d-9a66-38773cf66b13,Joshua Jacobs,rcummings,1975-09-23,Female,Vietnam
606abeaf-71ed-4d09-989c-018298eee02b,Brittany Fox,qsmith,2003-02-18,Female,India
00817762-9bac-47bb-9ffb-2c5da5a0e9a3,Eric Ross,newtonlauren,1991-06-17,Male,Tunisia
07599d6b-4790-4c60-892c-e1aafca15703,Jennifer Simpson,dean02,1983-02-08,Male,South Africa
e0909b25-a898-4763-a1e2-3ac860d966b4,Nicholas Graham,moorethomas,1997-06-28,Male,Cuba
38ace644-e80f-4b51-b2ab-5e62aebde112,William Carpenter,karenmack,2002-06-22,Female,United States Minor Outlying Islands
d1e46cdc-96e0-49be-b6b8-ca0cdec90230,Ruben Beltran,kathleen65,1985-02-06,Non-binary,Malaysia
265ce11d-8ede-46e6-a513-ff979e118c2e,Alicia Hicks,bcharles,1983-06-12,Non-binary,Burkina Faso
79e2babb-5ce1-46d2-93ae-2d38fa318ecf,Todd Le,john22,1988-08-02,Female,Burkina Faso
9bcdcdfe-dfcc-4811-907c-34b7e485af30,Elizabeth Porter,harrellteresa,2001-05-28,Male,Gibraltar
a87d4903-f7f7-4be5-9f5b-47260c0c6abb,Susan Mason,johnsonchristina,1998-08-22,Male,Dominica
ec287ba1-4aab-471a-8031-a0f64189b17d,Steven Thomas,kmarsh,1974-09-26,Non-binary,Egypt
fad1fbd9-3f3c-4a0a-942c-4c249dea0317,Mitchell Meyers,roachbonnie,1989-04-17,Non-binary,Micronesia
7b4df97e-ddce-449b-a784-15c5958a908f,Lauren Wilkerson,millerwilliam,1994-11-18,Male,Palestinian Territory
e8bc1240-bb61-4e3d-bd74-3fa6ca19f17f,Jacob Mitchell,jillobrien,1992-09-05,Non-binary,Czech Republic
0fd17812-0a60-4d8b-8861-173fc97e0da0,Aaron Fitzgerald,heatherclark,1981-11-19,Male,Israel
b11e09b9-7510-48d6-983c-5a59e979be51,John Williams,dbrown,1990-03-03,Male,Armenia
6ecb06c3-bd56-463e-9f4f-f7edad25741f,Melissa Carter,wflores,2002-08-02,Female,Ghana
3f8d38f0-a810-416f-84bd-e3699a893a96,Stephanie Rodriguez,johnharrison,2006-01-08,Non-binary,Paraguay
bcadb4bd-a13a-494a-b3d9-d3a20527433e,Christopher Scott,tgonzalez,1993-10-18,Male,Saint Kitts and Nevis
3a0e6654-0847-4f3f-816e-002deaa32a9f,Thomas George,cassandra64,1993-02-08,Non-binary,Bouvet Island (Bouvetoya)
bcfdb088-64dd-47cb-ba87-1265b2fe0655,Donald Le,cassandra08,1978-08-17,Female,Cocos (Keeling) Islands
4ed47126-630f-41b3-9c8f-a020010fd8d9,Dennis Miller,julie07,2004-08-28,Non-binary,Oman
9ba97a20-703f-4d00-a2a9-8496d0a12700,Bonnie Davidson,robertcurtis,1992-03-31,Male,Guernsey
b363f276-8262-4af4-8854-9a3c4f329c79,Denise Lawrence,diana27,1976-06-07,Male,Christmas Island
1aabb01a-657e-4bd9-82a9-38d6c083e14c,Julie Rivera,fowlermichele,1998-08-04,Male,Zambia
42d01bc4-7e7a-41b3-80d6-7f76cf7b83ec,Miranda Miller,jerry09,2004-05-04,Male,Guinea
28c58b42-93ad-4527-b276-49953d46125a,Megan Lewis,noblechristopher,1994-07-14,Non-binary,Gabon
5ac0b2b7-1f20-46bf-bac1-f402c31db6aa,Kimberly Baker,michellemiller,1979-02-07,Male,Nicaragua
11ce64a8-47fd-47fb-8135-21fd0f672454,James Hernandez,gene30,2002-10-18,Non-binary,Russian Federation
1c8caac9-a106-4ebd-85a5-4b7fda97dd1a,Sarah Bailey,johnsonchristine,1995-05-21,Non-binary,Greenland
cc5facd5-9b00-44da-99d3-6aff8d60a83f,Blake Murphy,thomasmichael,1979-09-27,Female,Malta
55a3655c-9bf1-4107-8dfb-e23f20e78736,Mary Salazar,rodney86,1976-02-10,Female,China
95c9fcda-952a-4595-9c57-cfe0adab9228,Tony Crane,ffarrell,1996-09-05,Male,Belarus
de335454-c811-4a89-8617-cbcfec9e5c82,George Campbell,tjones,1995-09-28,Non-binary,Italy
1a359ca6-874f-4ab4-aac6-43436cae44ff,Krista Hanna,justinburton,1983-06-28,Female,Dominican Republic
fb065dd7-af37-40c4-acd4-8475603e14db,David Johnson,melissamitchell,1997-05-03,Male,Guinea-Bissau
577b145b-a7bd-431b-b628-9ee3e109c2ae,Walter Rosales,fsullivan,2002-09-21,Female,Mongolia
fdab2378-ccea-4d4e-bfb9-b74a07169267,Paul Lewis,hartashley,2003-12-12,Non-binary,Montserrat
fa33babb-8ede-4226-a3e1-873483fd0f67,Edwin Harrison,bmartinez,1994-09-14,Non-binary,South Africa
d4a4d9ad-67cf-497d-af38-e5c5ef5b2564,James Austin,christophergibson,1977-08-05,Male,Australia
f947f511-0cac-4c9a-a94e-5c2daae72d07,Dawn Robinson,williamskatherine,1998-10-14,Non-binary,Fiji
e805887c-4284-4df0-b74e-a8f4cc602d47,Heather Long,kirbywilliam,1976-03-29,Female,Ecuador
7f79d226-81ec-41d6-91d9-34fff7b59963,Dr. Brian Murphy,kimberly51,1993-02-08,Female,Holy See (Vatican City State)
b3acc25c-7811-481f-b3a8-fa0352517412,Angela Santana,vblake,1986-11-01,Non-binary,Thailand
055b58fd-9c8f-4b1c-b52b-0c08f8479e64,Alicia Morton,rodgerstabitha,1986-05-23,Female,Georgia
569caee8-9eb8-43a2-847a-c28a49d75a96,Theodore Miller,carlos58,1977-12-29,Male,Japan
7b2da6d8-a8fa-4353-b432-e6008e6d6f2b,Vincent Bray,rachel35,1987-06-04,Non-binary,Cyprus
567292c4-f66c-4f4f-9f41-7d4694f4aa35,Mark Clark,littlejoseph,1986-08-06,Female,Mongolia
2bc6761a-397e-4d1e-a330-24e0cbe43c7e,Isaac Galvan,nmurphy,1979-12-31,Female,Papua New Guinea
619c068b-b74a-40bf-9224-514593bd4d01,Monica Salinas MD,patricia27,1992-11-17,Non-binary,Bangladesh
4464d29b-7623-4d8c-9e78-0888b20121bd,Andrew Parker,amy10,1995-04-20,Non-binary,Zambia
3ecde82f-d4f9-4c07-9918-684c743cf1b3,Ariana Robinson,kelly16,1984-10-02,Female,Spain
80e16d7a-7239-4d4e-a087-760774778956,Tina Stewart,orobinson,1988-06-01,Female,Chile
f4fc968e-0ec0-428d-962f-bffaf83dae90,Margaret Rodriguez,shepherddebra,1985-08-23,Male,Norfolk Island
40870103-0ea1-4ae8-ad45-82497544a739,Gregory Byrd,brownveronica,1992-12-09,Non-binary,Belgium
4c5f872a-e2d6-423d-bc10-04b99c286328,Jodi George,bernardramsey,1986-09-27,Female,Saint Barthelemy
ceb6458f-ec37-475a-8e12-78b314893cb7,Hector Martinez,brendamiller,1989-12-05,Male,Bahamas
d2bc3e45-3237-42c1-8953-7f2b5a6a64c8,Kevin Nguyen,joshuajohnson,2002-02-28,Female,Tonga
59b4d89b-307e-4f95-b6a3-5ed0fc31671b,Nicholas Wilson,daniel37,1990-10-18,Male,Dominica
87ee3e3b-0c98-4ab9-a662-37e2f0ca1684,Nicole Tran,kbell,2006-03-15,Male,Puerto Rico
02d2ab41-3209-4cae-88d5-940e5ad2649a,Dustin Nguyen,wardbrian,1992-05-23,Non-binary,Myanmar
1b498fff-f6c9-4125-b5c0-0dcc1417bc03,Amanda Rodriguez,btanner,2000-04-19,Non-binary,Mongolia
a37ceda6-dccd-4c65-994e-c8305cab1886,Brian Juarez,murphykaren,1976-02-22,Male,Greenland
0e3f359a-9511-4ded-a8c6-3bf52031f89f,Michael Henderson,wagneranthony,1976-09-14,Male,Egypt
043ddc0a-f5d4-418b-bc7f-561e72c652f5,Jennifer Stafford,abauer,1999-07-12,Female,Luxembourg
05e465d1-69a4-48dc-a2bb-f721396c3cae,Antonio Garcia,qcastaneda,1981-07-21,Female,Lithuania
0bda9532-7715-4181-bdbe-20c61c4c5f9e,Katherine Garcia,audreybruce,1976-04-21,Female,Bahrain
100e115b-1a9f-45ef-9404-e982952ff347,Stacy Ross,coletyler,2003-06-23,Non-binary,Tanzania
5a352b03-083f-4a6f-abbc-a169a8d562bc,Daryl Robinson,marygross,1981-10-20,Male,Ethiopia
dab33d1c-3f15-44c4-acfb-f920a32c9699,Tina Graham,juan75,1979-07-17,Non-binary,Lao People's Democratic Republic
45579487-0b3d-4edc-a94b-2a23da4f9e63,Jesse Rodriguez,ogarcia,2007-04-19,Male,Saint Helena
b2bbd65b-ace2-4328-ba2f-cc7730ef49fc,Daniel Kaufman,bradyronnie,2003-10-27,Male,Philippines
9dd5cfd1-7e54-4d06-b7c8-5d76b5680cbc,Heather Taylor,myersjacob,1990-07-01,Male,Andorra
ff32ad45-f882-4b87-ae8a-92e3292be6e8,Madison Fletcher,michaeljackson,2004-07-28,Female,Palestinian Territory
2f5c16cc-c533-4ac1-9765-832af49dfada,Bryan Johnson,torreskristina,1978-10-16,Non-binary,Guadeloupe
bcaa02c8-b9ce-4676-9af0-ef812ec2ad5a,Tiffany Peterson,adam26,1994-07-14,Male,Liechtenstein
4140bd0a-9abc-43de-8f9a-17f5a555ebf5,Hayley King,valerie94,1985-12-11,Male,Luxembourg
6c87ed2c-8223-4938-abf4-7590d6c43f69,Amanda White,kevin88,1997-06-11,Female,Bhutan
cf22b147-2c97-4e9b-9b13-2385e09f186f,Erin Peters,jasonjones,2001-07-25,Male,Cayman Islands
560bfa89-fa5f-4ad0-a452-032f4c2fefdc,Ariel Harris,smithsharon,1999-10-04,Male,Poland
d46b1154-12ff-46ea-a403-0989697ad142,Martin Matthews,sanderssheila,2000-02-29,Female,San Marino
2a6748d4-e660-4876-94dd-0959c6da3064,Eric Pope,jean01,2001-07-08,Male,Croatia
22a895d2-ad5c-4260-9079-2fb3a6ae2419,Patrick Scott,munozchad,1984-11-13,Non-binary,Djibouti
8236e75a-4a9c-4d28-aa81-54123a64b3d7,Jennifer Fox,jonathan96,1977-01-22,Male,Egypt
53e6eb58-b3cb-4a09-a67a-366d50a1c321,Donald Clark,bryantdiane,1995-11-09,Male,Saint Barthelemy
7dbffca3-7c6d-4bf8-bb1f-b409f1606c74,Susan Thompson,wjohnson,1991-01-13,Non-binary,Gambia
00738b2d-d248-468a-9acb-991de92e03bd,Adam Hayes,kyletaylor,1985-03-16,Non-binary,Sierra Leone
fa1235a3-5e4f-43ad-b695-7a3376f470eb,Todd Sweeney,xnelson,1979-02-17,Female,Maldives
b6a75490-00c8-4af1-a4e5-1184cd5b390d,Nicholas White,jeffreyallen,1992-07-12,Male,Singapore
38d388b9-93c7-4d51-934f-1e276d8e596c,Donald Smith,tammyjordan,2000-02-17,Female,Palau
ef3987d0-54ce-4500-bbc8-cebda9fd87a1,Andrew Waters,tabithablankenship,1984-10-21,Male,Benin
613140d4-cdbf-4eb0-ae2b-16ac5dfdea71,David Wagner,shannonswanson,1998-04-18,Non-binary,Yemen
7a33f0e0-b2a3-4c40-8441-b43fbe39c56b,Joseph Griffith,hartmanwilliam,2000-12-22,Non-binary,Fiji
ecd9cba5-80df-4f46-b8cb-9928935db3fc,Kayla Hughes,veronicathompson,1999-06-19,Non-binary,San Marino
fb417965-39f9-4ec7-9157-396f70b82910,Jason Daniel DVM,davidross,1998-11-29,Non-binary,Burkina Faso
b51cec3c-bc8a-4593-83d0-c66a638c040a,Terry Mason,morgan20,2002-03-02,Male,Bermuda
78553baf-3f68-4f67-817b-d53d2c83bf06,Michael Hall,darrellhart,1980-09-30,Non-binary,Pakistan
7d18e405-1a9e-4bcd-8489-7db348ec0095,Laura Barnes,storres,2007-02-07,Female,Ecuador
fdce6990-33c9-4d57-963b-8f255605df85,Mary Marsh,thomas22,2001-05-29,Female,Ghana
257a8252-0795-47b6-a8a6-fb5ce73c7e84,Nathaniel Ford,boylewanda,1999-10-08,Non-binary,Nicaragua
92431259-9f9d-4ed8-8d76-e97d07dd50ec,Diane Williams,zsmith,2000-03-17,Male,Aruba
5e354ad7-32e9-420f-8f25-233c0927a389,Justin Alexander,ochoavictor,1982-08-29,Non-binary,United States Virgin Islands
7d0d95f9-5e83-4585-b496-ac3671a2fd4f,Justin Jones IV,fowlerrichard,1981-01-28,Male,Somalia
a59937e4-5865-4606-b006-269e91b8a4c7,Michael Owens,stokespatricia,1981-01-30,Female,Saint Martin
48c58039-e4a9-4e9b-a318-bc11a73b07fe,Gabriel Ritter,sandrawalker,2002-10-19,Male,Netherlands
57ace283-a18e-4f40-b091-1dd151def3cc,Stephen Shepard,ashley67,1982-09-10,Female,South Georgia and the South Sandwich Islands
97fc2a43-898c-4c03-8063-734f5f562317,Nicholas Bell,warejoel,1981-02-10,Male,Ecuador
00154afa-e4ef-4037-97ec-44ce89b3e778,Leon Gibson,kward,1994-04-14,Non-binary,Jamaica
7d4e6e87-c0f5-4810-b219-4c6bf21cb5da,Ronald Rice,zbowen,1977-02-15,Non-binary,Morocco
aac5583a-f49b-4b07-9c81-235960ab1ccd,Mary Rogers,danny20,1999-03-05,Non-binary,Tanzania
042fce43-6bf0-4051-b54b-0e45f07a3362,David White,foxjoshua,1986-11-22,Male,Morocco
23b46ce2-e0c4-4971-b759-7b51a40a2afe,James Jackson,dcollins,1994-06-03,Non-binary,Wallis and Futuna
d4d9b3c7-83ca-405e-98c4-2d6f71e6c305,Cory Valencia,pjones,1988-09-08,Male,Serbia
2120f3af-3418-4756-a938-d5c21e012f19,Nancy Thomas,nancydaniels,1987-01-20,Female,Guinea-Bissau
687422db-ccfa-4321-821d-6f983b44fc63,David Grant,nicoletorres,1982-11-08,Female,Guyana
790bf6c6-8b92-4122-b83e-6621563a290b,Taylor Diaz MD,zcortez,2000-10-02,Male,Sudan
82ffcc07-f1ac-4cda-8aca-fb7a5d05996d,Cynthia Arnold,kristopherphillips,2000-11-27,Male,Singapore
0c841e53-189d-4ae8-8eee-87409e311f77,Julie Phillips,amiller,1994-05-28,Non-binary,Pitcairn Islands
2ab3e744-3bb5-4fef-96a6-ac78c72d246a,Hannah Gardner,rjohnson,1981-02-01,Non-binary,Svalbard & Jan Mayen Islands
28e34a0c-5477-44a3-825a-011a1b2728bb,Martha Mendoza,shenry,1984-05-05,Non-binary,Greece
cd4c4c13-648c-4d4a-b177-e2b6877b634a,Amber Armstrong,carrillomariah,2003-09-19,Male,Saint Vincent and the Grenadines
f777fa55-c1f5-4784-971e-d6a58baf5c88,Lisa Hawkins,thomas24,1980-06-21,Non-binary,Peru
076d5bab-6f23-47bb-ae43-adccba767bc7,Shirley Ford,laracasey,2002-05-26,Male,Turkey
0aa364d4-0583-44fc-895a-e0f5ab8dcc36,Alexis Richardson,jackiethomas,1995-10-23,Male,Swaziland
de81736f-8996-44b2-a4e5-a720d1b30e39,Samantha Adams,ryanjared,1977-05-22,Female,Martinique
b389cffd-9cbb-451d-ae22-f796aeb08203,Cathy Jordan,teresajohnson,1989-08-18,Female,Argentina
5123c399-fc4e-4a71-9781-69bf36cd650a,Lisa Williamson,lcooper,1983-07-18,Male,Rwanda
f5420ecc-956d-4ab3-919f-c8dc70fb68c1,Alexander Moore,carlos78,1994-07-13,Male,Sri Lanka
b3dddb9c-82aa-4ec1-a147-23097914abc9,Holly Bird,emckay,1985-07-21,Non-binary,Trinidad and Tobago
cd54a34e-36af-4cab-afd2-e023da56dfb0,James Pope,allenjames,1983-02-25,Female,Djibouti
c3f2497f-80d4-4518-b013-13e9b3733d60,Michael Campbell,tyleroneill,2000-09-20,Male,Jamaica
8f4e9886-6813-40d5-bda6-5c169d51faae,Christina Levine,michaelspencer,1976-12-04,Female,North Macedonia
f3495043-b21f-410b-8fe5-b972518b87e1,John Gibson,amy87,1976-06-02,Male,Saint Pierre and Miquelon
faae3475-d74a-4480-84c5-d5683376979c,Matthew Hutchinson,claudia54,1987-01-24,Male,Oman
e7e07a42-3671-4b45-8244-9ab31879bdb2,Albert Foster,lacey27,2001-08-04,Non-binary,Pitcairn Islands
01184ca9-fd12-4387-a8f8-7bd2bd86715f,Joseph Doyle,lewisadrienne,1991-01-19,Male,France
54ab51e8-8181-4389-b4ec-353525499556,Amanda Higgins,lcooper,2003-09-27,Female,Ukraine
8cb3bf37-ae9f-462b-8c11-92a31e75508c,Kyle Jimenez,joshuawalls,1995-11-21,Female,Macao
63c33ab0-efd0-4eca-bb3a-591ef0f09e51,Jillian Villegas,sharonweber,1992-07-16,Female,Iceland
6e4dc9de-7225-4785-923e-96b14cedbea9,John Stein,nnelson,1983-09-09,Female,Yemen
1db9471d-ac22-489a-b27b-be61055c3b76,Monique Campbell,connorwolfe,2000-08-21,Female,Netherlands Antilles
624ee97e-280c-4509-adef-6321eb8ab484,James Miller,fjensen,1975-06-26,Non-binary,Fiji
3f086482-7c7a-4524-beb3-5eedd240ebe8,James Richardson,john89,2005-08-06,Male,Sao Tome and Principe
28168016-7f81-4e95-99f2-5bbec4b519b2,Jennifer Fleming,kanesherry,1977-04-26,Male,Australia
e09516c1-6fd5-44fc-bdd8-fce7badd99dc,Adam Gordon,daniellelee,2005-06-28,Non-binary,United Kingdom
4a438e01-6974-4d25-a938-290caca7496a,Jessica Landry,laura35,1997-06-06,Female,Czech Republic
fde55630-d13a-4394-acf8-6a06c19b84e4,Christopher Johnson,burgesscaleb,1985-12-26,Male,Cape Verde
057c5bd4-6aec-4b1a-bc54-e2f74ba0f4d6,James Bonilla,kmckee,1990-07-29,Non-binary,Palau
cbc17aa0-a3ae-43dc-bba7-9493ea014d9c,Michael Nelson,samuel82,1999-09-11,Female,Moldova
2e07bcc1-4c72-469d-9d07-0a906900d431,Harold Summers,jamesstephens,1978-01-13,Male,Sudan
e4a39937-f7c9-48df-8448-4652dfc0cdb1,Dr. Crystal Hahn,lrogers,1979-12-18,Female,British Indian Ocean Territory (Chagos Archipelago)
30818665-bb6c-468c-af13-0c1e11889e88,Michael Martinez,carpenteranthony,2000-03-22,Male,Palestinian Territory
d57c42ae-dd6b-4c08-9fc9-cf31fdc97cee,Shelly Noble,simmonskayla,1978-06-20,Male,Pitcairn Islands
e54f8e80-bf7f-4ef4-bef0-d6a20bf4cf20,Jack Brown,garciashannon,1980-02-17,Male,United Arab Emirates
367fca7d-507d-4af0-a0e6-9ce48fedde78,Sabrina Bartlett,michaelwilson,1998-09-23,Non-binary,Gambia
e9b5d2a1-68c7-40c6-a31b-8834fddd0a9a,Sandra Cole,josephstephanie,2000-05-30,Male,United Kingdom
5601c215-f6e3-4d95-b679-0b9d1483355a,Brendan Wu,jermainewoods,1983-10-02,Non-binary,Congo
7cf8fd85-648a-4e8b-b0ea-a3b4c33a6d87,Shannon Avila,martinsimmons,2001-03-10,Non-binary,France
e7c11a44-72e1-48b2-81ec-5fc88b8f8180,Brian Mcmillan,bclarke,1997-10-25,Female,Falkland Islands (Malvinas)
3f455963-eea6-465d-aa07-a6b34ce4e6dd,Lisa Richardson,andrew43,2000-09-07,Male,Tunisia
11329ba2-6927-47ba-9029-c4785a1987d4,Diana Ortiz,mariaschmidt,1999-11-25,Female,Congo
35ce2964-f24f-48eb-80aa-f064ed8e6960,Jeremy Miles,jhull,1995-06-09,Male,Mexico
3a642640-e2b9-4544-9a4b-2520a523390d,Peter Zavala,warren18,1996-08-15,Male,Ethiopia
b7219172-ffba-4525-b1b6-9e4ed1546bd1,James Kelly,joshua98,1998-04-01,Non-binary,Gambia
7690c458-e94c-4652-be1b-0a7a4303cb98,Brandon Bauer,albert02,1976-07-30,Non-binary,Portugal
159698e8-622b-4ff5-84cc-c242bd82d362,Shawn Vargas,rramsey,1975-08-29,Non-binary,American Samoa
7499c7fe-e9fe-4cdd-9046-b08cd17c8f32,Steven Black MD,wyatt95,1986-05-09,Male,Pitcairn Islands
44718b3f-52ac-4e7c-a81b-a24549ee4743,Eric Wood,williamscurtis,1996-01-12,Non-binary,Hungary
b8e8d294-49f1-422d-bcb1-fe6af7fe7271,Kimberly Myers,williamblair,1984-10-22,Male,Madagascar
ff8e46da-9afc-4fc4-8975-7b0b714e9fa0,Kathleen Franklin,sholt,1978-07-16,Male,Chad
7321af7d-2c6e-4d42-a45d-0ab8c57aa1b7,Victoria Jarvis,kristina40,2007-03-31,Male,Gambia
bb071436-1683-42a0-86d5-655ccee2cd1a,Stacy Webb,krauseashley,2006-08-25,Male,Slovakia (Slovak Republic)
a5508fe8-0459-481f-b1d8-a0392cbb14a3,Joseph Gallagher,gregory56,1992-07-09,Male,United Arab Emirates
013b8fa2-4c08-4e2b-afba-18c60874dad8,Jodi Petersen,navarroedwin,2000-07-11,Female,Tonga
70ef1774-544b-4f2d-865a-90f7be44cf96,Melinda Tucker,jhorton,1993-12-21,Female,Christmas Island
0d14cb3c-00b3-4536-8bd1-c8f32f3770f6,Lori Mcmillan,michael74,1977-09-10,Non-binary,Saint Kitts and Nevis
ab63095c-71fa-44e5-b346-23653739e52d,Danielle Sanford,millersara,1994-04-06,Male,Taiwan
41cfe77a-99d2-4446-a755-e5b0db8f523e,Lindsay Jenkins,jonathon45,1981-12-14,Female,Central African Republic
b94584ee-43ae-4905-9e79-dbc9321a9114,Rebecca Miller,megan99,1988-03-23,Non-binary,Canada
8ae5be0f-c030-436e-9d0b-ce8503c5f030,Daniel Wallace,elizabeth95,1984-03-16,Non-binary,Uzbekistan
09f2a495-deed-4d06-a147-7b900c6b1a3d,Marcus Davis,sarawilliams,1975-08-27,Non-binary,Gibraltar
ef2ba872-db2f-4b18-b708-be394e45204b,Patrick Burton,nporter,1982-07-19,Female,Nigeria
1e79d915-7538-4063-9dbe-4bad4d2b2e39,Brad Mcgee,sandrahumphrey,1990-06-27,Female,Bolivia
d3d86b3c-693d-4cad-a3fc-9b4874edaa5b,Christine Smith,julie04,2001-04-29,Non-binary,Kiribati
9856218f-9afd-4e68-95ea-2c94870a238a,Michael Norris,isanders,2002-04-02,Female,Antigua and Barbuda
0ee7f4d1-0e4d-4a4d-8e37-d8c2df6fa95d,Sheri Mcclure,stevensamy,2004-06-03,Female,Norfolk Island
758af513-11d2-47bc-b13b-17555c2ac6bc,Sarah Jones,isaac57,1991-08-01,Female,Czech Republic
1ffc7777-fe67-4fb9-9eb6-c15dc61d8fef,Anna Paul,cmartinez,1992-12-29,Female,Armenia
27cbd531-9fc1-4c87-97f9-93c5f03bce0d,Mrs. Alexandra Suarez,ryan88,2001-08-05,Male,Belgium
89241600-a5b0-470a-8b14-b691af08ecb9,Dr. Stephanie Mercado MD,colebrenda,1994-05-12,Male,Reunion
67235d84-a23b-497e-a96c-b7107091c114,Mark Jackson,sarahsnow,1978-01-19,Non-binary,France
b0d3b78a-9758-4159-b9a9-c56b600b10d9,Gene Smith,bclark,1977-09-09,Female,Iceland
168e01e0-be9c-432d-a4c1-2f19a43ce6ba,Danielle Reynolds,martinezkyle,2000-12-04,Non-binary,Liberia
0f039d71-3083-4641-87f2-3d50e5a7188f,Holly Mcdonald,alexandramassey,1991-08-16,Male,Tonga
1917ce8d-b0e9-4414-ad4b-6b6b456d195f,Monica Mayer,paynewilliam,2001-06-12,Female,Kazakhstan
87fb3b51-e95b-485e-a0a5-036945958d54,Steven Kramer,juanhernandez,1998-09-25,Female,Latvia
20ebf194-ead1-453e-8ee2-1b0fb6e09d82,Michael Brown,oreed,1976-01-16,Male,Gibraltar
eb8b3ea1-6112-42f2-90c7-1bff72df642d,Amy Lee,michael66,2004-07-02,Non-binary,Uruguay
e98186dd-250d-41ae-bbc2-da4226525204,Luis Walter,santosandrew,1992-01-27,Female,Saudi Arabia
baa4ebd6-3e3c-48a3-b059-96f2993d046b,Jacob Fowler,natasha02,1983-08-06,Non-binary,Bouvet Island (Bouvetoya)
0e26e119-0dbc-48b3-be26-d06103b1480a,Nicole Rodgers,cherylgarcia,1982-09-20,Male,Saint Pierre and Miquelon
9edd8533-c603-4eb5-b06f-456e9633294d,Angela Tucker,brittanywolf,1997-08-22,Non-binary,Tokelau
3de9f30a-fe3a-407a-b85e-b00bc4ee307c,William Eaton,ambersmith,1974-07-04,Non-binary,Marshall Islands
36e443b9-0074-4f47-9eb4-05395108302f,Charles Holden,jasminesmith,1988-09-19,Female,Burkina Faso
cebb77e2-819e-4755-9723-2ee78db1e9d7,Sara Brown,moorenoah,1987-10-21,Female,Norway
2348f7d1-8945-4e4b-a4d2-0b87d6501511,Megan Arnold,boydmichael,1981-05-30,Non-binary,Greece
894d9928-e50f-43e6-ae49-103b358bff19,Ricky Medina,dawncook,1999-10-25,Male,United States Minor Outlying Islands
05936d8a-4210-43d0-a5aa-5dc575dc798d,Kimberly Bruce DDS,valerie71,1988-03-01,Female,British Indian Ocean Territory (Chagos Archipelago)
9480b3ce-a607-4f7a-bbf1-fb8dcab07dd4,Angela Beard,mark77,1997-12-10,Female,Russian Federation
0abb9709-469d-4fda-864d-305f7aab2d7d,Dr. Sean Wells,sextonvincent,1994-05-30,Non-binary,Mauritania
a4e352d9-3c52-4339-a122-69a28a15870f,Tara Weber,dustin81,2003-11-02,Male,Hungary
11366748-f48e-4afb-9218-ca95498225cc,Brandy Brown,wwilliams,1991-09-03,Male,Turks and Caicos Islands
f0881bed-fc89-4649-847a-8617cb826fda,Steve Davis,rodriguezjohn,1985-06-28,Non-binary,Kyrgyz Republic
99a9245b-f038-47de-8cbf-43aa2bf0e759,Christopher Martinez,johnsonlauren,1996-01-07,Non-binary,Kenya
f223f2da-4148-4050-b1a4-38b8fcc03fec,David Steele,williamslaura,1977-06-25,Non-binary,Czech Republic
492cada7-e916-4305-85d2-83cd32bdb11b,Alexandra Hansen,zpatel,1989-09-25,Male,Zambia
2eb5e13b-4ef9-4d4b-aefd-df611d0b7da6,Gwendolyn Daugherty,bnguyen,2004-05-16,Non-binary,Saudi Arabia
3316e086-195f-40a4-8798-ee4aaeb3efd2,Cody Bailey,alexispotter,1981-06-15,Non-binary,Greenland
431d9465-8661-4c6c-b9b3-3d7d8278d385,Ashlee Collins,jacquelinejensen,1974-09-15,Female,Togo
1975e358-f04c-42c5-bd79-2efc1873d575,Russell Johnson,brownmichael,2002-10-31,Male,Switzerland
8b47f3c5-cd42-4c51-a290-db71370280e5,Taylor Roberts,prattfrancisco,2004-12-24,Male,Italy
53196c66-4fda-4fe2-a271-abbc15cba928,Justin Jones,mahoneyamanda,1986-06-24,Non-binary,Luxembourg
3afd562c-6d54-44ab-9167-260b9b7ddd31,Jeffrey Burton,rmiller,2005-12-19,Male,French Southern Territories
eae98405-cff0-41fe-8d74-300ceb3a0a31,Darlene Terrell,vmaxwell,1993-12-27,Male,Saint Martin
880c4990-e8d2-4302-bab7-5df1b00a5c39,Janice Gomez,burtondavid,2006-10-03,Non-binary,Korea
129fc61f-d1d4-49ea-ba28-23d3ec67c156,William Andrews,pacevincent,1975-03-10,Non-binary,Iceland
7fc87b71-fc4a-4089-86bb-040082320fdf,Joseph Dickerson,lauraglenn,1987-05-14,Non-binary,Tanzania
0e278666-59e1-4b0d-aa6e-42cbdcb1979e,Amy Rivera,nstanton,1987-07-20,Male,El Salvador
37cf9fce-5913-4459-86b8-b331d2a41409,Nicole Murphy,jallen,1980-04-02,Male,French Southern Territories
9a159233-425a-4f2c-b320-a9db573a06c8,Heather Andrews,rogersraymond,2006-11-12,Female,Peru
020ee0c1-8fd7-4c66-8aa3-cd533398511e,Cory Richards,kelly12,1982-04-20,Male,Paraguay
3911b623-1179-4baf-9fe7-7ebe42cbe4a4,Daniel Torres,sarah44,2002-05-14,Female,Yemen
ea061a68-1444-46f1-a550-e770972ba345,Benjamin Henry,christopher99,1975-12-08,Male,Argentina
9851a6f3-0419-4afd-8d3b-7299a5420ccc,Edward Manning,vstevens,2006-05-26,Male,Falkland Islands (Malvinas)
95f4f444-ca06-41e8-891b-143ccdbec39a,Willie Torres,kellycaldwell,1999-08-14,Non-binary,Gabon
ef704c83-a35c-4870-8fe5-b1c737e6e143,Steven Cole,fsantiago,1982-06-13,Female,Netherlands Antilles
9427be37-6eb0-42ca-bb35-1aa8643794b1,Nicholas Zimmerman,shirley65,1975-01-06,Non-binary,Wallis and Futuna
3c1be415-e960-448d-9ae8-d513844d9803,Melissa Sanders,joanna27,2002-06-04,Male,Swaziland
a1c7085c-42d5-4bc9-8c5d-24e735385389,Michael May,thomasdavid,1997-09-30,Non-binary,Bolivia
4130e57a-e9aa-4178-af2c-c157bf6eb31e,Scott Weiss,lisa97,1976-01-27,Non-binary,Niger
9041c0ee-889b-4411-a7b0-f392551bf914,Deborah Johnson,clarkebony,1986-03-02,Male,Western Sahara
636e831a-321c-4f11-8535-eaeb510c0d76,Alexander Weaver,christy77,1989-11-22,Male,Finland
12de0479-f24d-4291-b57f-5974d68cf90d,Sergio Mcpherson,urice,2003-08-14,Non-binary,Senegal
1b3ffb36-bd6b-40e0-bb68-d922ef74a4ec,Adam Rodriguez,tammy36,1980-09-07,Male,Holy See (Vatican City State)
d298b922-10e3-4bdc-a575-08c43a327ed3,Robert Wright,martinevan,1984-06-11,Male,Palau
c60583e5-ad6b-497d-8305-4ba710b97dcd,Ryan Paul,sarahsosa,1976-03-03,Female,Vanuatu
83f6c3f9-73fc-4106-80fb-9dde72658b4e,Joseph Miller,lijoseph,1980-11-02,Female,Sudan
752cc60c-e77a-49a6-bc5e-832797a08bf1,Henry Davis,jordanfrench,1996-08-27,Female,Senegal
8a704eea-0123-4528-a4d1-80de1ec0b1ea,Anthony Curry,tjones,2006-05-30,Non-binary,Netherlands Antilles
2cf0ef6c-1e23-4026-a824-fa9ea8c30d85,John Chavez,xbolton,2001-07-01,Male,Armenia
3bac087e-fbec-4dfa-90b5-f7d0815c56df,John Roberson,laurierodriguez,1996-11-24,Male,Samoa
af22f5e6-895f-4573-bddd-683ced03caee,Brenda Bowers,kayleewebster,2000-02-09,Non-binary,Bolivia
447ae964-6de9-4a27-85d9-741fa8d49566,Steven Berry,dbush,1977-12-16,Non-binary,Mexico
377b7226-e07d-4129-86cc-d590013abcd4,Peter Franklin,srivera,1987-10-18,Female,Heard Island and McDonald Islands
63531489-e9a6-4567-8f1d-08ba0eb8acb3,Meghan Whitaker,patrickkristen,1988-01-28,Non-binary,Taiwan
8fc96fa8-1f3b-4554-9050-8f4713fdd06e,Olivia Brown,aaronclark,1989-02-01,Non-binary,San Marino
4df62875-d8eb-454f-abc2-85a812274a16,Daniel Palmer,qwilliams,1997-04-02,Female,Netherlands
b4ffe55e-1a89-4cb5-a0db-cbbec887a556,Dawn Williams,davisjoshua,2000-01-27,Female,Chad
d800cf3a-b37d-4c5d-a4a5-b374c34a178f,Joanne Cox,estesjeffrey,1998-06-25,Male,Cook Islands
4ebd6c57-2a2f-4ca8-9be5-f42dca18b332,Jennifer Green,xnavarro,2005-10-26,Non-binary,Jamaica
2042b572-60f9-4705-bee0-9ccb81f77c01,Autumn Cooper,floydanna,1987-11-04,Female,Afghanistan
527375b8-0385-4347-a55c-ce03d1da0411,Dorothy Zamora,shannon97,2004-01-17,Female,Malawi
2f6536de-3808-4527-90cb-eb0141896759,Clinton Brown,vincentbarton,1982-08-20,Female,North Macedonia
70b87d48-b442-4cec-b226-4576c102d103,Kelly Jimenez,sklein,1981-01-16,Non-binary,Maldives
fdab8934-feb2-4745-9d2b-76a725ab1508,Brandon Harris,mirandalisa,1986-09-09,Non-binary,Belgium
811d7a2b-d11a-49eb-acb2-7e2a4444a544,Charles Wilson,novakrachel,1982-04-17,Male,Malawi
3085faad-c21f-44d1-8f9a-1faf234f30fb,Jeremy Thompson,tranbrad,1996-04-03,Female,Dominican Republic
2d3f5836-15f0-4ed1-84ed-203ec5a5e24e,Michelle Pennington,dshaffer,2002-01-30,Male,Luxembourg
84699619-3c1d-441c-8a2b-37be7c9619d9,Ian Lewis,daryl65,2000-04-26,Female,Uruguay
227d63b9-a2bc-4b1b-b25c-0d4b11af84e8,Sheila Barrera,lhorn,1983-08-29,Female,Colombia
eef1f60a-9062-4191-8824-b8ba4464cec2,Jacob Villanueva,esmith,1985-06-28,Non-binary,Trinidad and Tobago
da84734d-1fc4-4760-846f-3c7d6969414b,Emily Beasley,qodonnell,1977-02-10,Male,Bosnia and Herzegovina
bd53c180-7f53-4800-935b-6bf72597ac73,Chad Gonzales,singhwilliam,2006-04-29,Non-binary,Faroe Islands
0151bde9-d980-4118-b53a-5988b5b7298d,Jennifer Skinner,christopher89,1998-12-01,Female,Vietnam
aff2e08a-2be4-4215-9493-34c2900d8d21,Ashley Riley,yvonnemurphy,1981-10-22,Non-binary,Philippines
ff2b0eac-2bcf-43aa-8402-786971667358,Samuel Fowler,jjacobs,1999-06-29,Non-binary,Uganda
736c2005-82ab-4f1d-99ce-0eef3643aa77,Alexis Davis,barbara25,1984-07-26,Non-binary,Mayotte
a80ef45a-19ad-49fd-8893-1d0df6130299,Donna Barber,chadmaldonado,1975-03-06,Female,Monaco
f9d69462-be5b-4d01-b8c5-ad5f43ca0b84,Sean Mckinney,jasonclarke,2006-04-08,Non-binary,Niger
baad65cb-dd73-4eeb-b8e8-d452d14a79f8,Jessica Perez,joshuakeller,1974-11-08,Non-binary,Afghanistan
2c884e24-d2b5-41d3-ab67-4ea246eded95,Aaron Watson,wareamanda,1992-10-01,Non-binary,Romania
965109ee-656c-474e-a65d-a4c6794c7523,Lee Wolfe,micheal66,1991-11-06,Male,Bolivia
052fe0b0-b678-43f7-8356-9eaf93c38de1,Christopher Garrett,timothy23,1991-04-15,Non-binary,Zimbabwe
c990fc33-c569-4b66-9174-50c0750754f3,Diamond Moss,hsanders,1979-04-02,Male,Palestinian Territory
6d857d40-1515-42c8-8d1e-00a3bcd0565a,Cynthia Thompson,sharonle,1978-11-14,Male,Ecuador
d9706709-43c4-4ba9-8ab4-e7bc59b4148f,Kelly Sanchez,haasyolanda,1989-01-16,Female,Somalia
b8437aec-cfb3-48f8-bec0-231054e2208f,Todd Villegas,hollyhickman,1983-11-07,Female,Equatorial Guinea
6c9cbeaf-f5c3-4d93-9ad5-8a07c3d5a1ba,Miranda Caldwell,danieljoshua,1989-04-08,Male,Czech Republic
657566de-d573-41bc-a565-fb0aa98275b1,Ryan Flynn,bethreynolds,1976-08-23,Male,Kuwait
f8b9f914-835c-40f6-ab92-f2663bf512f5,Nicole Davis,jenniferanthony,1981-02-13,Non-binary,Malaysia
cb0f53e3-8d98-4cb1-8356-0fd36a0ea156,Jacob Campbell,bakerdawn,2000-10-22,Female,French Southern Territories
9a728261-474d-4387-b0b4-e9a70cc811f5,Ian Harris,osbornepamela,1992-01-28,Female,United Kingdom
8c11072b-ee3f-499c-bb1a-f819373bf854,Joan Montoya,hamiltonjoseph,1987-09-17,Non-binary,Fiji
6aa73ffb-c783-4fa5-8c46-9bd5f32487b0,Dr. Ian Miller,belindasimmons,1987-05-16,Male,Aruba
3fe74298-95b8-4a7f-a94d-b0af2c8a57a6,Nancy Miller,wilkersonmonica,1984-10-19,Female,Yemen
2efc165e-9f81-4b19-99ff-df1094f046e4,Nicholas Flores,williambaker,1982-02-15,Non-binary,Heard Island and McDonald Islands
5b280694-13e9-44b3-b6f3-dee2fa843d72,Robert Foster,christopherthomas,1974-07-13,Female,Guinea-Bissau
bcb298bb-4034-4a2f-b15e-62f7789ccf4c,Mr. Eric Martinez,katiewilliams,1974-06-18,Female,Cape Verde
477f8e49-94b2-4256-8c71-444bd237e176,Shannon Cook,eric12,1976-01-03,Male,Belgium
4cc38413-cd42-4ff2-b869-39e3171ea86a,Marie Hancock,jeffrey44,1986-12-04,Male,Pitcairn Islands
150f8cbb-fca3-4e56-8d1e-6b05361aeb17,Jenna Stephenson,jordanmichelle,1988-09-13,Male,Bahrain
ac27bef1-816b-4d66-88a3-58514bc569d1,Lisa Bowers,qjones,1987-01-07,Non-binary,Bangladesh
c69933bb-dd9a-4a3e-9c6a-06569f45b04f,Gina Smith,kennethdouglas,1985-03-28,Female,United States Virgin Islands
f0197dbe-e181-4d16-b55f-9b7c33e8a04f,Sarah George,scottraven,1975-11-17,Female,Somalia
035b878e-2cc0-4d2a-b7cd-efdf6eecd84f,Dean Anderson,seanbrandt,1976-01-16,Female,France
f3a6053f-c36e-4752-9a21-ada309ec8827,Jennifer Carter,donnamaxwell,1982-11-07,Non-binary,Papua New Guinea
4fccd2a1-a26f-4fd1-8a87-c7bca943014e,Jesus Collins,brendaedwards,1998-10-24,Non-binary,Ethiopia
24f743a7-c812-4155-924d-764531744e73,John Woods,dustinwebb,1976-10-11,Female,Nepal
52afd889-0fa7-4494-a1c0-db999c9dc89a,Daniel Roman,bishopjoe,1980-10-29,Non-binary,United States Minor Outlying Islands
13d79baa-85cb-407f-81c9-b6890e15d457,Cheryl Thompson,jimenezjacob,1980-05-13,Female,Comoros
94d6d46a-227d-47bf-a4c8-78f21682b953,Christopher Murphy,adamsrachel,1979-10-14,Female,Norway
c628e38d-be26-400c-8ef4-b565ce0a8a0a,Donald Davidson,johncunningham,1990-02-26,Female,Venezuela
bdb4ecc7-f8a0-4400-b0ba-35f958724c06,Shaun Lambert,walshchristopher,2000-08-12,Male,Central African Republic
e25d6f60-aecb-4853-8076-6a44ef716cf1,Angela Jones,caleb28,1991-05-12,Female,Marshall Islands
ec49108f-1877-41ad-bd73-5e7bba8010c6,Thomas Peterson,wagnercarl,1993-11-02,Non-binary,Monaco
f19edd99-9fb4-4bbd-890e-4015f24483e8,Dr. James Wolfe,joneschris,1982-11-28,Female,Costa Rica
9e64b285-7e76-4c40-819f-3b41e9553a3e,Kristina Bradley,brentwheeler,1991-07-28,Male,American Samoa
c919953e-df8b-47e7-acf3-b33fff6bd637,Antonio Gomez,stevennewton,1975-08-28,Non-binary,United States Minor Outlying Islands
8401f7e3-00e8-4299-b03b-bf698286e273,Cindy White,arthur53,1998-11-15,Non-binary,Bhutan
346d300c-5e1f-4b9a-96ee-902311adf575,Elizabeth Sandoval,johnsonkristin,1999-08-02,Male,Korea
d851b282-fcbe-4068-8331-a5260b3c2da4,Tristan Garcia,loganlogan,1984-08-28,Male,Netherlands
7237dad0-4a95-4a27-ab7a-839a5e473f25,Jeff Mays,mullinsshelley,1975-04-10,Non-binary,Syrian Arab Republic
cf71d06f-4e52-4471-8779-d445a4f2e164,Amy Simmons,sydney74,1979-05-23,Non-binary,Bolivia
2527143c-5962-4e0e-81f2-23b6f26e1f7d,Jennifer Hamilton,sheltonjohn,1987-12-27,Female,Hong Kong
28c7aec7-08cd-454e-9651-33e80468cc21,Jenny Evans,rickmccann,1998-03-26,Non-binary,Sudan
5dd3e361-12a7-42cd-96ea-029e980b3337,Bryan Andersen,michele48,2002-08-09,Female,British Indian Ocean Territory (Chagos Archipelago)
93fefbb3-e8cf-4eb3-8a7a-f1fb50607e00,Kathryn Perry,mdominguez,1979-03-14,Male,Tajikistan
b8c15e10-a02c-4d3f-a574-8641736550da,Brittany Douglas,fitzpatricktom,1985-04-15,Non-binary,Mozambique
b73d5c40-91d7-493f-9ec0-ae2ad20b31c3,Mr. Scott Bean,joshuaphillips,1998-04-13,Non-binary,Reunion
703a73a2-17db-4660-ae2c-9cc7cd7e34df,Daniel Park,brooke37,1987-11-12,Male,Venezuela
46dfa994-0ffb-4a3e-bd34-d44aa18b50f7,Amy Rodriguez,andrew37,1993-04-14,Male,Central African Republic
ecd5a135-41b3-4694-89f6-a375de163ba0,Robert Fleming,fbarber,1982-02-11,Female,Djibouti
fee8b6df-63b2-474b-8581-f4b04f90433a,William Downs,briancrosby,1984-02-11,Non-binary,Anguilla
9736eba9-4fd0-47a9-a74e-71bfd7eab253,Rachel Ali,michael83,1994-12-27,Male,Italy
b72079c4-d66a-4280-beb0-ddf6a85d6bf1,William Cooper,stapia,1988-12-19,Female,Cote d'Ivoire
b71065f1-60fc-4d0e-a736-7ef88b0bdbd0,Janet Parrish,hernandezjerry,1985-04-12,Female,New Zealand
cb455cc0-0aee-4f87-9f1b-903406c44784,Jeff Rocha,colejames,1982-07-02,Female,Jamaica
c3ed2c58-2040-4224-932e-fdaa8a5e11b6,Rachel Rodriguez,deanna61,2002-05-27,Non-binary,Guinea-Bissau
6a720e40-4e52-4060-b80e-2eed83bae224,Diane Ponce,abrown,1991-04-16,Non-binary,Jamaica
40a797b4-4450-494d-8351-81fd43f2a628,Theresa Bailey,jennifershah,2005-08-27,Male,Bulgaria
15bc080d-1da1-445b-9f80-412756c2bb22,Martin Mann,jeffreyanderson,1991-06-04,Female,Croatia
3d1c04cc-17b5-44e7-8f7b-464988dc6a98,Angela Jackson,johnsonkristin,1997-04-13,Male,Mongolia
e5968546-a634-4a53-aca8-6af7805444bb,Amy Marsh,colefrancisco,2004-12-03,Male,Cameroon
db5324a2-d2e9-4ea4-b819-38c82a69de49,Jessica Hudson,icooper,1977-07-28,Male,Costa Rica
5fd16d67-0784-48e8-af58-a70716d80e0e,Pamela Blair,wpowell,1979-11-24,Non-binary,Tuvalu
5ce2f843-35c9-4404-bce4-fe9d1ccb249f,Kimberly Herrera,doylepamela,1976-07-18,Male,Palestinian Territory
374a31e3-b71e-491f-b4e9-c2ee12d2e20c,Kristen Osborn,taylordanielle,2003-02-04,Male,Argentina
d1b50412-5f78-44b5-bc92-cc51a96aaa64,Rhonda Stewart,smiththomas,1996-08-11,Non-binary,Chad
0b04d2ba-45d1-432b-afdd-3358bb9e7fdb,Peggy Gould,timharris,2002-04-03,Female,New Caledonia
96cd965b-0ab7-4d20-a8d7-f1c61ec29094,Jennifer Farmer,vjohnson,1978-03-20,Non-binary,Guernsey
e73faaaf-6490-4f8c-beb5-6dc5fdcb50ae,David Graham,ericowens,1982-07-11,Male,Iraq
7191e9a8-755d-40de-a051-9a7e372749c0,Lee Mckay,dclark,1975-07-12,Non-binary,Spain
1acd0b57-ba83-4238-ba05-7ead9a1f9bf2,Carl Guerrero,lauriesalinas,1977-09-09,Male,Ethiopia
8a9f135f-b239-4afa-82da-2c3a5a1a1bce,Carlos Mitchell,hansensusan,2003-11-22,Male,Peru
5f6e4c6e-39af-455a-baf6-471f03f9c9d0,Amber Jenkins,deleonedwin,1981-08-06,Non-binary,Chile
1bd9af43-a05a-41e5-988b-c102cbb6f9f8,Anthony Williams,nrodriguez,1993-12-22,Non-binary,Albania
7b497cd4-b293-4208-9816-a286eb9131aa,Gary Scott,denisebaker,2001-05-08,Non-binary,Uzbekistan
39c61ed1-d2a4-44aa-953f-fb5be0293183,Laura Reese,thuber,1998-06-26,Male,Saint Vincent and the Grenadines
76f814a6-36db-449f-a4ae-5e1b39735258,Jason Murillo,paulscott,1999-10-19,Male,Cayman Islands
6658c736-7866-473e-a149-0fae2a29da23,Cristina Johnston,benjaminmiller,1979-04-26,Male,Czech Republic
896e1515-c232-4ca5-9e30-ed241b67459f,Christopher Li,swalsh,1996-04-15,Non-binary,Mauritania
44a34068-d186-4fcc-b13c-6cddefd5e37d,Alicia Stokes,jillmyers,1981-07-12,Female,Jordan
cae3eb8b-4287-47d7-9310-b5e06109ad7b,Michelle Patton,sean72,1989-12-17,Male,Heard Island and McDonald Islands
f9d05ed1-0b90-4ad2-9e52-a109b7551827,Jennifer Barrett,meyerjulie,2001-12-01,Non-binary,Niger
14887662-cc48-41d0-97c2-7be490f22df8,Daniel Lynch,pittsdonald,1996-06-06,Male,Ghana
e0d4cbfe-d841-44af-8485-ca0a2f28d917,Joe Gonzales,laura58,1996-01-20,Female,Tunisia
95a84089-56c4-4b89-b2fd-1d54da683204,Alexis White,dawn75,1980-02-04,Non-binary,Anguilla
612b8423-508c-4fdf-ad9b-03cac1fc3112,Heather Mendez,ystephenson,2000-11-26,Male,Congo
ffd38809-4c83-49c5-affb-f0dc60b9e660,Melissa Newman,brookeraymond,1999-04-12,Female,Swaziland
1fc815d3-8467-4460-8ea5-20e8d7374925,Evan Boyd,wwilkins,1982-08-03,Non-binary,Norway
a1f5f843-1934-4111-a55d-33dd718228b0,Dana Medina,carloslarsen,2003-03-05,Female,Afghanistan
74371c40-da09-4f35-9e98-684bb616dedd,Kristen Wallace,brownbrenda,2004-12-28,Male,Liberia
1ab728a5-675f-4759-ab16-a389609dd42f,Jessica Little,antonio00,1982-05-14,Non-binary,Kiribati
e60e1474-0478-4d22-9b10-c31ac58d7481,Lori Vaughn,brittanychandler,1994-07-01,Non-binary,Ghana
3669624f-7a9b-4504-bca8-9fddc9625c87,Nathan Johnson,bhobbs,1996-12-11,Female,Vanuatu
374b8fdb-1aef-42fd-ae9b-41c82fc56344,Ryan Dillon,clarkseth,2006-08-13,Female,Holy See (Vatican City State)
2f727244-4342-46fe-a4ac-9f204866bebb,Christopher Roberts,fbarrett,2005-09-13,Female,Chile
7fac7194-ce75-43e2-920c-8850d3a2dbac,Robert Johnson,franciscolawson,2000-08-10,Male,Myanmar
6a9061c5-69b7-4f85-ac1a-98b32f9cfc08,Brittany Sanchez,ronaldwinters,1992-05-19,Non-binary,Uruguay
2eaf7b6c-e702-46d6-adae-9455c574ec24,John Campbell,wendy24,2000-03-25,Non-binary,Gabon
95627f88-7812-491d-9970-6081af29b5ea,Julie Adams,hsmith,1988-06-15,Male,Iceland
